genotype,leaf,scale_factor,txt_path,pca_obj_path,pca_area_raw,pca_area_cm2,adaptive_poisson_success,adaptive_poisson_area_raw,adaptive_poisson_area_cm2,adaptive_poisson_seconds,fixed_poisson_success,fixed_poisson_area_raw,fixed_poisson_area_cm2,fixed_poisson_seconds,ball_pivoting_success,ball_pivoting_area_raw,ball_pivoting_area_cm2,ball_pivoting_seconds,pca_threshold_cm2,pca_threshold_pass,all_four_meshes_available,measured_area_cm2,storage_folder
01,0001,14.76,data/raw/0020/0001.txt,data/raw/0020/0001_pca_mesh.obj,0.649354779,141.4668738,TRUE,0.573731883,124.9918512,13.2381526,TRUE,0.438917755,95.62156875,2.0522263,TRUE,0.571691054,124.547241,0.692107,20,TRUE,TRUE,142.04702751667847,0020
01,0002,14.76,data/raw/0018/0002.txt,data/raw/0018/0002_pca_mesh.obj,0.520894163,113.4807522,TRUE,0.50204883,109.3751532,12.477728,TRUE,0.423531598,92.26957742,1.8442878,TRUE,0.485729399,105.8198411,0.594567,20,TRUE,TRUE,126.61790051189267,0018
01,0003,14.76,data/raw/0007/0003.txt,data/raw/0007/0003_pca_mesh.obj,0.364069275,79.31525851,TRUE,0.332551893,72.44895728,11.6114492,TRUE,0.33183473,72.29271796,1.5786208,TRUE,0.350285113,76.31227407,0.298442,20,TRUE,TRUE,73.28917066693049,0007
01,0004,14.76,data/raw/0006/0004.txt,data/raw/0006/0004_pca_mesh.obj,0.125731309,27.39152133,TRUE,0.147548014,32.14445616,6.9268866,TRUE,0.152511033,33.22568757,0.852577,TRUE,0.118865671,25.89578971,0.1684035,20,TRUE,TRUE,28.73111307724324,0006
01,0005,14.76,data/raw/0007/0005.txt,data/raw/0007/0005_pca_mesh.obj,0.126682007,27.59863804,TRUE,0.151573121,33.02135629,5.4977336,TRUE,0.151603112,33.02789015,0.7226549,TRUE,0.126039712,27.45870911,0.0791918,20,TRUE,TRUE,29.053204728236373,0007
01,0006,14.76,data/raw/0039/0006.txt,data/raw/0039/0006_pca_mesh.obj,0.286371049,62.38810946,TRUE,0.308061549,67.11354972,12.2859388,TRUE,0.305536144,66.563371,1.2836191,TRUE,0.272938238,59.46166947,0.264906,20,TRUE,TRUE,57.65169198393048,0039
01,0007,14.76,data/raw/0005/0007.txt,data/raw/0005/0007_pca_mesh.obj,0.104846175,22.84153611,TRUE,0.142853155,31.12164539,4.5361887,TRUE,0.148386396,32.32710413,0.7284487,TRUE,0.096659919,21.05809787,0.0846952,20,TRUE,TRUE,20.983746098586312,0005
01,0008,14.22,data/raw/0016/0008.txt,data/raw/0016/0008_pca_mesh.obj,0.181944672,36.79074108,TRUE,0.199576459,40.35603652,15.4429503,TRUE,0.198020634,40.04143563,1.2265532,TRUE,0.181147532,36.62955256,0.2739051,20,TRUE,TRUE,35.19660254899727,0016
01,0009,14.22,data/raw/0008/0009.txt,data/raw/0008/0009_pca_mesh.obj,0.394646005,79.80073733,TRUE,0.375135601,75.85556973,11.4082653,TRUE,0.348753532,70.5208938,1.7954017,TRUE,0.37454523,75.73619159,0.6027281,20,TRUE,TRUE,86.64845159396398,0008
01,0010,14.22,data/raw/0002/0010.txt,data/raw/0002/0010_pca_mesh.obj,0.345190441,69.80040673,TRUE,0.29802508,60.26317462,20.7158561,TRUE,0.290029729,58.64644753,1.5879087,TRUE,0.329934947,66.71561769,0.5311772,20,TRUE,TRUE,69.51466403302076,0002
01,0011,14.22,data/raw/0017/0011.txt,data/raw/0017/0011_pca_mesh.obj,0.186757251,37.76388485,TRUE,0.178298376,36.05342935,15.1269873,TRUE,0.181829703,36.76749336,1.072946,TRUE,0.181707909,36.74286557,0.2194455,20,TRUE,TRUE,37.75330401864821,0017
01,0012,14.22,data/raw/0023/0012.txt,data/raw/0023/0012_pca_mesh.obj,0.220080416,44.50210871,TRUE,0.224254991,45.34624286,8.431935,TRUE,0.223273822,45.14784235,1.1994377,TRUE,0.210238633,42.51201762,0.2939573,20,TRUE,TRUE,45.25525927881161,0023
01,0013,14.22,data/raw/0038/0013.txt,data/raw/0038/0013_pca_mesh.obj,0.302519493,61.17198263,TRUE,0.285340972,57.69834135,12.8704154,TRUE,0.265329189,53.65179075,1.3660486,TRUE,0.289900684,58.62035347,0.3951746,20,TRUE,TRUE,62.43203432445304,0038
01,0014,14.22,data/raw/0008/0014.txt,data/raw/0008/0014_pca_mesh.obj,0.149521749,30.23455356,TRUE,0.191234933,38.66930973,10.7017183,TRUE,0.200739226,40.59115761,1.1481715,TRUE,0.141024273,28.5162926,0.1323877,20,TRUE,TRUE,29.97201952553542,0008
02,0015,12.16,data/raw/0006/0015.txt,data/raw/0006/0015_pca_mesh.obj,0.330272077,48.83587879,TRUE,0.296781805,43.88381972,10.3481436,TRUE,0.285391288,42.19955409,1.1002173,TRUE,0.311231415,46.02041989,0.1592621,20,TRUE,TRUE,51.135164463743365,0006
02,0016,12.16,data/raw/0011/0016.txt,data/raw/0011/0016_pca_mesh.obj,0.387054659,57.23206943,TRUE,0.425889202,62.97436232,7.4795123,TRUE,0.414707854,61.3210256,1.0067865,TRUE,0.352742423,52.15846999,0.1677986,20,TRUE,TRUE,62.1252746211045,0011
02,0017,12.16,data/raw/0008/0017.txt,data/raw/0008/0017_pca_mesh.obj,0.352354437,52.10110028,TRUE,0.386731052,57.18421908,7.2647378,TRUE,0.375982227,55.59483753,0.9794219,TRUE,0.341823016,50.54386537,0.1690352,20,TRUE,TRUE,60.71952071513598,0008
02,0018,12.16,data/raw/0019/0018.txt,data/raw/0019/0018_pca_mesh.obj,0.5016668,74.17926239,TRUE,0.484717689,71.67307189,14.9491199,TRUE,0.489687594,72.40794994,1.0994121,TRUE,0.473173318,69.96605659,0.2558695,20,TRUE,TRUE,68.83399205037917,0019
02,0019,12.16,data/raw/0016/0019.txt,data/raw/0016/0019_pca_mesh.obj,0.44806082,66.25278197,TRUE,0.467657511,69.15045841,13.862694,TRUE,0.464665653,68.70806552,1.2568934,TRUE,0.430714826,63.68790611,0.2132608,20,TRUE,TRUE,62.42527449256755,0016
02,0020,12.16,data/raw/0003/0020.txt,data/raw/0003/0020_pca_mesh.obj,0.30680339,45.3656674,TRUE,0.309645554,45.78592565,6.6501788,TRUE,0.35194721,52.04088533,0.8482362,TRUE,0.294439172,43.53742486,0.1491047,20,TRUE,TRUE,44.81648361403013,0003
02,0021,12.16,data/raw/0015/0021.txt,data/raw/0015/0021_pca_mesh.obj,0.235498972,34.8221968,TRUE,0.274932871,40.65311386,4.9729842,TRUE,0.296949877,43.90867171,0.8946447,TRUE,0.232310289,34.35070034,0.1141847,20,TRUE,TRUE,33.563793156675956,0015
02,0022,12.86,data/raw/0023/0022.txt,data/raw/0023/0022_pca_mesh.obj,0.127924753,21.15614449,TRUE,0.131542108,21.75438125,7.3611123,TRUE,0.125311382,20.72394621,1.0473418,TRUE,0.117813753,19.48399141,0.1577646,20,TRUE,TRUE,20.089047108236503,0023
02,0023,12.86,data/raw/0014/0023.txt,data/raw/0014/0023_pca_mesh.obj,0.206979836,34.23024255,TRUE,0.21210634,35.07806159,7.9662924,TRUE,0.207851717,34.37443383,1.1180754,TRUE,0.195057343,32.25850534,0.2161788,20,TRUE,TRUE,34.974225034004924,0014
02,0024,12.86,data/raw/0007/0024.txt,data/raw/0007/0024_pca_mesh.obj,0.190302001,31.47206881,TRUE,0.191650776,31.69512869,8.0261884,TRUE,0.189268855,31.30120761,1.1403136,TRUE,0.167896189,27.76660453,0.2287017,20,TRUE,TRUE,26.522682836177122,0007
02,0025,12.86,data/raw/0040/0025.txt,data/raw/0040/0025_pca_mesh.obj,0.169064895,27.9598847,TRUE,0.14968865,24.755449,10.4699455,TRUE,0.153516846,25.38855456,1.1790797,TRUE,0.155507561,25.71777828,0.1947847,20,TRUE,TRUE,27.631494861656666,0040
02,0026,12.86,data/raw/0035/0026.txt,data/raw/0035/0026_pca_mesh.obj,0.158462963,26.2065414,TRUE,0.162682239,26.90432359,7.821014,TRUE,0.159493783,26.3770181,1.0898651,TRUE,0.147264397,24.35452705,0.2332364,20,TRUE,TRUE,24.781717697035454,0035
02,0027,12.86,data/raw/0030/0027.txt,data/raw/0030/0027_pca_mesh.obj,0.153979391,25.46505013,TRUE,0.163894074,27.10473634,7.5997306,TRUE,0.15909394,26.31089212,1.4097785,TRUE,0.149262593,24.6849879,0.2031689,20,TRUE,TRUE,31.34654942115963,0030
02,0028,12.86,data/raw/0018/0028.txt,data/raw/0018/0028_pca_mesh.obj,0.229379926,37.93476039,TRUE,0.23961054,39.62669532,12.1725388,TRUE,0.238185077,39.39095269,1.2011559,TRUE,0.214549245,35.48206838,0.2857645,20,TRUE,TRUE,40.6859083104307,0018
02,0029,15.12,data/raw/0003/0029.txt,data/raw/0003/0029_pca_mesh.obj,0.126630065,28.94945633,TRUE,0.118467481,27.08337198,4.5174428,TRUE,0.118858407,27.17274332,1.053102,TRUE,0.124684085,28.50457732,0.1805356,20,TRUE,TRUE,25.943911922799618,0003
02,0030,15.12,data/raw/0038/0030.txt,data/raw/0038/0030_pca_mesh.obj,0.117524675,26.86783307,TRUE,0.109807276,25.10352459,4.3402928,TRUE,0.113556667,25.96068932,1.0033831,TRUE,0.115674799,26.44492466,0.1538092,20,TRUE,TRUE,23.901509288138293,0038
02,0031,15.12,data/raw/0033/0031.txt,data/raw/0033/0031_pca_mesh.obj,0.11270447,25.76586486,TRUE,0.114449521,26.16480868,4.379114,TRUE,0.115121209,26.31836613,1.0345408,TRUE,0.11051685,25.2657433,0.1280961,20,TRUE,TRUE,29.411849671163147,0033
02,0032,15.12,data/raw/0016/0032.txt,data/raw/0016/0032_pca_mesh.obj,0.154148723,35.24061792,TRUE,0.153638282,35.12392373,4.6518394,TRUE,0.155187753,35.47815497,1.1334659,TRUE,0.150872506,34.49162743,0.1959502,20,TRUE,TRUE,34.28310911595128,0016
02,0033,15.12,data/raw/0005/0033.txt,data/raw/0005/0033_pca_mesh.obj,0.135646286,31.01069421,TRUE,0.129899625,29.69692486,4.6995508,TRUE,0.131953143,30.16638852,1.0157583,TRUE,0.130540071,29.84334003,0.2103736,20,TRUE,TRUE,29.419150837166978,0005
02,0034,15.12,data/raw/0021/0034.txt,data/raw/0021/0034_pca_mesh.obj,0.09041116,20.669293,TRUE,0.094523374,21.60940432,5.2602213,TRUE,0.115118933,26.3178459,0.8159636,TRUE,0.087983565,20.11430983,0.1313786,20,TRUE,TRUE,20.216304196063565,0021
02,0035,12.92,data/raw/0036/0035.txt,data/raw/0036/0035_pca_mesh.obj,0.157892084,26.35635721,TRUE,0.161718293,26.99505249,13.2612928,TRUE,0.152692749,25.48845082,0.9200228,TRUE,0.152675614,25.48559068,0.1254503,20,TRUE,TRUE,28.505715673960008,0036
02,0036,12.92,data/raw/0031/0036.txt,data/raw/0031/0036_pca_mesh.obj,0.153445171,25.61405005,TRUE,0.151599208,25.30591009,10.7868717,TRUE,0.145620299,24.30787221,0.9752832,TRUE,0.146877046,24.51765649,0.1489557,20,TRUE,TRUE,25.865523315653732,0031
02,0037,12.92,data/raw/0037/0037.txt,data/raw/0037/0037_pca_mesh.obj,0.159787265,26.67271292,TRUE,0.15228909,25.4210696,7.6616058,TRUE,0.143912298,24.02276176,1.2500468,TRUE,0.155442247,25.94741476,0.214151,20,TRUE,TRUE,27.689213555324635,0037
02,0038,12.92,data/raw/0025/0038.txt,data/raw/0025/0038_pca_mesh.obj,0.128059573,21.37652354,TRUE,0.133874046,22.34711253,6.9030345,TRUE,0.13283692,22.17398881,0.8984645,TRUE,0.12089035,20.17979094,0.1221107,20,TRUE,TRUE,26.21576665990345,0025
02,0039,12.92,data/raw/0028/0039.txt,data/raw/0028/0039_pca_mesh.obj,0.146694038,24.48710775,TRUE,0.149091452,24.88729935,7.0395238,TRUE,0.140569728,23.46479871,0.8870012,TRUE,0.141598822,23.63658161,0.1452998,20,TRUE,TRUE,25.269873692916835,0028
02,0040,12.92,data/raw/0004/0040.txt,data/raw/0004/0040_pca_mesh.obj,0.179132346,29.90191769,TRUE,0.183162048,30.57458126,7.3835216,TRUE,0.172386256,28.77581714,1.1227224,TRUE,0.170097662,28.39379032,0.1503498,20,TRUE,TRUE,28.7655373988076,0004
01,0041,12.65,data/raw/0032/0041.txt,data/raw/0032/0041_pca_mesh.obj,0.326142107,52.19007525,TRUE,0.322727613,51.64367939,9.2502978,TRUE,0.314865223,50.38552007,1.2144807,TRUE,0.308895332,49.43020324,0.2002795,20,TRUE,TRUE,55.46308824445588,0032
01,0042,12.65,data/raw/0012/0042.txt,data/raw/0012/0042_pca_mesh.obj,0.216015388,34.56732242,TRUE,0.218756741,35.00600063,13.5482396,TRUE,0.21062466,33.70468458,1.1032856,TRUE,0.212038343,33.9309058,0.1472397,20,TRUE,TRUE,38.80608891931372,0012
01,0043,12.65,data/raw/0001/0043.txt,data/raw/0001/0043_pca_mesh.obj,0.43583774,69.7438448,TRUE,0.44187026,70.70918363,12.7833122,TRUE,0.375211041,60.04220888,1.5667907,TRUE,0.419150493,67.07350979,0.3208337,20,TRUE,TRUE,70.54717063187444,0001
01,0044,12.65,data/raw/0014/0044.txt,data/raw/0014/0044_pca_mesh.obj,0.223316895,35.7357278,TRUE,0.208185153,33.31430862,10.0651882,TRUE,0.203240564,32.52306311,1.0248832,TRUE,0.215208334,34.43817565,0.1782759,20,TRUE,TRUE,39.82198310697935,0014
01,0045,12.65,data/raw/0015/0045.txt,data/raw/0015/0045_pca_mesh.obj,0.224213829,35.87925739,TRUE,0.23567954,37.71402926,7.7965124,TRUE,0.22699167,36.32377458,1.0922821,TRUE,0.208535007,33.37029323,0.1711478,20,TRUE,TRUE,28.059326910373244,0015
01,0046,12.65,data/raw/0033/0046.txt,data/raw/0033/0046_pca_mesh.obj,0.360692728,57.71895205,TRUE,0.3800737,60.82034368,27.7865505,TRUE,0.381771104,61.09196649,1.063605,TRUE,0.343164578,54.91405372,0.2402336,20,TRUE,TRUE,57.51532515460587,0033
01,0047,12.65,data/raw/0003/0047.txt,data/raw/0003/0047_pca_mesh.obj,0.139311761,22.29301622,TRUE,0.187734789,30.04179033,4.7864492,TRUE,0.225674807,36.11304676,0.7727996,TRUE,0.131206184,20.99594163,0.0992615,20,TRUE,TRUE,23.353375889186236,0003
01,0048,13.3,data/raw/0030/0048.txt,data/raw/0030/0048_pca_mesh.obj,0.286642103,50.70412161,TRUE,0.319183267,56.46032807,7.333265,TRUE,0.312038894,55.19655997,1.2076562,TRUE,0.27647405,48.90549467,0.1740221,20,TRUE,TRUE,47.50811933162727,0030
01,0049,13.3,data/raw/0024/0049.txt,data/raw/0024/0049_pca_mesh.obj,0.259236305,45.85631003,TRUE,0.25850672,45.72725374,7.0939273,TRUE,0.247921465,43.85482791,1.001636,TRUE,0.254059953,44.94066511,0.1504238,20,TRUE,TRUE,42.3527458492861,0024
01,0050,13.3,data/raw/0019/0050.txt,data/raw/0019/0050_pca_mesh.obj,0.710468474,125.6747684,TRUE,0.700536489,123.9178995,13.9134072,TRUE,0.601310587,106.3658297,1.700359,TRUE,0.677152078,119.7814312,0.4030106,20,TRUE,TRUE,111.0474827419509,0019
01,0051,13.3,data/raw/0002/0051.txt,data/raw/0002/0051_pca_mesh.obj,0.114934003,20.33067574,TRUE,0.171115402,30.26860341,14.4116198,TRUE,0.176983222,31.30656209,0.6810582,TRUE,0.113348645,20.05024185,0.0826535,20,TRUE,TRUE,21.16208934507068,0002
01,0052,13.3,data/raw/0009/0052.txt,data/raw/0009/0052_pca_mesh.obj,0.17921721,31.70173232,TRUE,0.258791702,45.77766413,5.1467471,TRUE,0.270375611,47.82674177,0.9070384,TRUE,0.170119252,30.09239441,0.1420162,20,TRUE,TRUE,29.95907101847333,0009
01,0053,13.3,data/raw/0025/0053.txt,data/raw/0025/0053_pca_mesh.obj,0.272077836,48.12784843,TRUE,0.288289746,50.99557312,8.02613,TRUE,0.276340494,48.88186991,1.1554207,TRUE,0.258681723,45.75820991,0.1664556,20,TRUE,TRUE,49.47660228003591,0025
01,0054,13.3,data/raw/0001/0054.txt,data/raw/0001/0054_pca_mesh.obj,0.113101469,20.00651878,TRUE,0.189167121,33.46177204,6.895973,TRUE,0.193909005,34.30056385,0.6942036,TRUE,0.108807528,19.24696367,0.0889831,20,TRUE,TRUE,21.78912094035738,0001
01,0055,14.76,data/raw/0009/0055.txt,data/raw/0009/0055_pca_mesh.obj,0.376434691,82.00915841,TRUE,0.419692117,91.43311733,7.8794126,TRUE,0.409788243,89.27548305,1.183458,TRUE,0.350181257,76.28964827,0.2568108,20,TRUE,TRUE,69.7692832627564,0009
01,0056,14.76,data/raw/0017/0056.txt,data/raw/0017/0056_pca_mesh.obj,0.518941722,113.0553982,TRUE,0.494177589,107.6603436,31.317879,TRUE,0.487779325,106.2664331,1.9323718,TRUE,0.491188708,107.009193,0.3590441,20,TRUE,TRUE,89.5898778273483,0017
01,0057,14.76,data/raw/0022/0057.txt,data/raw/0022/0057_pca_mesh.obj,0.203307218,44.29202267,TRUE,0.200173957,43.60941776,9.5793296,TRUE,0.191990821,41.82665956,1.0692426,TRUE,0.199864954,43.5420993,0.1399875,20,TRUE,TRUE,50.85286136336327,0022
01,0058,14.76,data/raw/0026/0058.txt,data/raw/0026/0058_pca_mesh.obj,0.221463916,48.24759725,TRUE,0.257284335,56.0513478,8.6123185,TRUE,0.251006196,54.68360737,1.1023163,TRUE,0.211880836,46.15985051,0.1566491,20,TRUE,TRUE,49.746219547256544,0026
01,0059,14.76,data/raw/0011/0059.txt,data/raw/0011/0059_pca_mesh.obj,0.155307691,33.83496092,TRUE,0.1796306,39.13389137,4.6906305,TRUE,0.220536935,48.04564738,1.0533411,TRUE,0.152051501,33.12557501,0.0945795,20,TRUE,TRUE,32.993672720706044,0011
01,0060,14.76,data/raw/0004/0060.txt,data/raw/0004/0060_pca_mesh.obj,0.104306465,22.72395612,TRUE,0.131042998,28.54871312,3.2856575,TRUE,0.130665984,28.46657767,0.8968918,TRUE,0.099776593,21.73708916,0.1083149,20,TRUE,TRUE,22.867052516493644,0004
02,0061,12.86,data/raw/0020/0061.txt,data/raw/0020/0061_pca_mesh.obj,0.242695019,40.13680523,TRUE,0.25718594,42.53330793,6.7747935,TRUE,0.274440014,45.38677978,0.8546455,TRUE,0.238656226,39.46887117,0.126254,20,TRUE,TRUE,38.56932115023303,0020
02,0062,12.86,data/raw/0007/0062.txt,data/raw/0007/0062_pca_mesh.obj,0.307997998,50.93658575,TRUE,0.339872427,56.20796607,6.8238149,TRUE,0.364809089,60.33198122,1.056893,TRUE,0.299876634,49.59347773,0.1184085,20,TRUE,TRUE,50.1956294239212,0007
02,0063,12.86,data/raw/0015/0063.txt,data/raw/0015/0063_pca_mesh.obj,0.392829776,64.96603119,TRUE,0.386680514,63.94906876,7.3527034,TRUE,0.371805479,61.48904143,0.9140324,TRUE,0.383574151,63.43533958,0.1728601,20,TRUE,TRUE,73.63689621508529,0015
02,0064,12.86,data/raw/0013/0064.txt,data/raw/0013/0064_pca_mesh.obj,0.36187142,59.84615077,TRUE,0.36345357,60.10780597,7.2011329,TRUE,0.348011781,57.55404909,1.0207807,TRUE,0.354594788,58.64274422,0.1526791,20,TRUE,TRUE,58.35863679969062,0013
02,0065,12.86,data/raw/0019/0065.txt,data/raw/0019/0065_pca_mesh.obj,0.242190441,40.05335823,TRUE,0.320161179,52.94812774,4.4119166,TRUE,0.386797436,63.96840519,0.6410777,TRUE,0.237314068,39.2469057,0.1156719,20,TRUE,TRUE,42.46288279594412,0019
02,0066,12.86,data/raw/0029/0066.txt,data/raw/0029/0066_pca_mesh.obj,0.152837447,25.27619592,TRUE,0.210875454,34.87449828,5.4586103,TRUE,0.211061267,34.90522793,0.7099824,TRUE,0.14816063,24.50274578,0.0546526,20,TRUE,TRUE,25.909322126476287,0029
02,0067,12.86,data/raw/0005/0067.txt,data/raw/0005/0067_pca_mesh.obj,0.276812086,45.779072,TRUE,0.301807998,49.91288602,6.6748845,TRUE,0.304223051,50.31228646,0.8973594,TRUE,0.267220884,44.19288285,0.097814,20,TRUE,TRUE,45.46950583178346,0005
02,0068,12.88,data/raw/0010/0068.txt,data/raw/0010/0068_pca_mesh.obj,0.339607313,56.3389514,TRUE,0.303468185,50.34367244,8.2220605,TRUE,0.275342756,45.67782131,1.1569571,TRUE,0.295309672,48.99022082,0.2118694,20,TRUE,TRUE,50.752130841146794,0010
02,0069,12.88,data/raw/0014/0069.txt,data/raw/0014/0069_pca_mesh.obj,0.385179885,63.89918592,TRUE,0.361424681,59.95833053,10.8997143,TRUE,0.353465426,58.63793481,1.3604531,TRUE,0.37011805,61.40051186,0.3012817,20,TRUE,TRUE,61.29552603709114,0014
02,0070,12.88,data/raw/0001/0070.txt,data/raw/0001/0070_pca_mesh.obj,0.172364302,28.59427241,TRUE,0.183937425,30.51418877,7.2303548,TRUE,0.177235166,29.40232145,0.9943068,TRUE,0.172341227,28.59044438,0.1564327,20,TRUE,TRUE,24.07913087605443,0001
02,0071,12.88,data/raw/0008/0071.txt,data/raw/0008/0071_pca_mesh.obj,0.192124837,31.87243461,TRUE,0.187515512,31.10777344,7.0306714,TRUE,0.176054521,29.20645911,0.9359811,TRUE,0.186616958,30.9587083,0.1591228,20,TRUE,TRUE,27.793760878334464,0008
02,0072,12.88,data/raw/0032/0072.txt,data/raw/0032/0072_pca_mesh.obj,0.154446093,25.621742,TRUE,0.163828495,27.17822996,6.8563639,TRUE,0.181776793,30.155752,0.7946263,TRUE,0.147444383,24.46019739,0.1182135,20,TRUE,TRUE,26.16762628863531,0032
02,0073,12.88,data/raw/0017/0073.txt,data/raw/0017/0073_pca_mesh.obj,0.21540783,35.73495275,TRUE,0.213718649,35.45472699,13.3981293,TRUE,0.203242774,33.71683808,1.1272984,TRUE,0.207249453,34.38152362,0.1732262,20,TRUE,TRUE,35.94296621973474,0017
02,0074,12.92,data/raw/0027/0074.txt,data/raw/0027/0074_pca_mesh.obj,0.136503423,22.78602502,TRUE,0.187248988,31.2567995,5.654965,TRUE,0.184080607,30.72791303,0.7346088,TRUE,0.133352222,22.26000628,0.1234473,20,TRUE,TRUE,22.04036734544304,0027
02,0075,12.92,data/raw/0026/0075.txt,data/raw/0026/0075_pca_mesh.obj,0.133465949,22.27899041,TRUE,0.204227151,34.09090316,5.5796764,TRUE,0.22792527,38.04674486,0.7775586,TRUE,0.131942518,22.02468953,0.0796118,20,TRUE,TRUE,23.37958767384914,0026
02,0076,12.92,data/raw/0002/0076.txt,data/raw/0002/0076_pca_mesh.obj,0.172594451,28.81057032,TRUE,0.206607878,34.48830928,9.1410456,TRUE,0.196671622,32.8296858,0.8347413,TRUE,0.160039968,26.71489566,0.14448,20,TRUE,TRUE,29.434186203653013,0002
02,0077,12.92,data/raw/0034/0077.txt,data/raw/0034/0077_pca_mesh.obj,0.154984704,25.87103864,TRUE,0.160424195,26.77903327,7.9496626,TRUE,0.180586788,30.14470246,0.7111496,TRUE,0.1498593,25.0154735,0.1154218,20,TRUE,TRUE,21.898626568334326,0034
02,0078,12.92,data/raw/0039/0078.txt,data/raw/0039/0078_pca_mesh.obj,0.164582661,27.47319108,TRUE,0.170825248,28.51524364,7.9310056,TRUE,0.194015264,32.3862695,0.7495973,TRUE,0.161123362,26.89574278,0.1284065,20,TRUE,TRUE,30.80169774163674,0039
02,0079,12.92,data/raw/0006/0079.txt,data/raw/0006/0079_pca_mesh.obj,0.18711217,31.23396091,TRUE,0.188377201,31.44512798,6.9493881,TRUE,0.206786243,34.51808315,0.8028869,TRUE,0.181121094,30.23389212,0.1410146,20,TRUE,TRUE,33.76995691605449,0006
02,0080,12.92,data/raw/0013/0080.txt,data/raw/0013/0080_pca_mesh.obj,0.204148162,34.0777177,TRUE,0.213931068,35.71074308,9.1680276,TRUE,0.199750958,33.34370826,0.9154069,TRUE,0.195643273,32.65802732,0.1591171,20,TRUE,TRUE,28.083774056591203,0013
01,0081,11.79,data/raw/0006/0081.txt,data/raw/0006/0081_pca_mesh.obj,0.539375948,74.97546824,TRUE,0.566224277,78.70749598,12.379724,TRUE,0.559991245,77.84107905,1.2198697,TRUE,0.531567469,73.89005757,0.2289958,20,TRUE,TRUE,61.74873859134637,0006
01,0082,11.79,data/raw/0040/0082.txt,data/raw/0040/0082_pca_mesh.obj,0.489073856,67.98327116,TRUE,0.517849367,71.98318526,14.4564024,TRUE,0.524283852,72.87760495,1.080579,TRUE,0.476325737,66.21123037,0.2535669,20,TRUE,TRUE,72.40295053958164,0040
01,0083,11.79,data/raw/0015/0083.txt,data/raw/0015/0083_pca_mesh.obj,0.675749468,93.93194662,TRUE,0.644533178,89.59275427,11.2871861,TRUE,0.615598884,85.57076876,1.4178183,TRUE,0.683704624,95.03774587,0.3393988,20,TRUE,TRUE,107.01766274689516,0015
01,0084,11.79,data/raw/0027/0084.txt,data/raw/0027/0084_pca_mesh.obj,0.353564017,49.14684793,TRUE,0.394751348,54.87205585,7.6269667,TRUE,0.379781413,52.79117347,1.0194,TRUE,0.348958873,48.50671412,0.1831802,20,TRUE,TRUE,41.53359159542701,0027
01,0085,11.79,data/raw/0020/0085.txt,data/raw/0020/0085_pca_mesh.obj,0.298684107,41.51831547,TRUE,0.278406864,38.69969558,9.5055143,TRUE,0.265486513,36.90371374,0.949615,TRUE,0.289573039,40.25183964,0.1658292,20,TRUE,TRUE,32.79850125661659,0020
01,0086,11.79,data/raw/0003/0086.txt,data/raw/0003/0086_pca_mesh.obj,0.514077298,71.4588521,TRUE,0.535993814,74.5053377,8.1816831,TRUE,0.532219672,73.98071645,1.0821095,TRUE,0.506828241,70.45120346,0.2245602,20,TRUE,TRUE,59.47886740600125,0003
01,0087,11.79,data/raw/0021/0087.txt,data/raw/0021/0087_pca_mesh.obj,0.318048371,44.21002751,TRUE,0.35430953,49.25047727,7.4027342,TRUE,0.340977378,47.39725351,1.0337667,TRUE,0.316064164,43.93421465,0.2151047,20,TRUE,TRUE,42.822101756677974,0021
01,0088,11.23,data/raw/0013/0088.txt,data/raw/0013/0088_pca_mesh.obj,0.279535418,35.25302218,TRUE,0.343398643,43.30699872,7.170247,TRUE,0.353014001,44.51961936,0.9277205,TRUE,0.266177899,33.56846678,0.1555985,20,TRUE,TRUE,34.737343405132926,0013
01,0089,11.23,data/raw/0010/0089.txt,data/raw/0010/0089_pca_mesh.obj,0.253822214,32.01025553,TRUE,0.278361062,35.10492073,9.2562161,TRUE,0.270430271,34.10474575,0.8422265,TRUE,0.237738938,29.98194693,0.1488188,20,TRUE,TRUE,33.002780794937195,0010
01,0090,11.23,data/raw/0036/0090.txt,data/raw/0036/0090_pca_mesh.obj,0.480264693,60.56757319,TRUE,0.513291294,64.73265361,10.6014152,TRUE,0.449179266,56.64729985,1.0739032,TRUE,0.451298112,56.91451371,0.2706289,20,TRUE,TRUE,51.19719627745761,0036
01,0091,11.23,data/raw/0019/0091.txt,data/raw/0019/0091_pca_mesh.obj,0.327789092,41.33843296,TRUE,0.345182051,43.53190952,7.3926204,TRUE,0.32760647,41.31540201,1.0012975,TRUE,0.311900089,39.33462474,0.1542225,20,TRUE,TRUE,44.50957613534034,0019
01,0092,11.23,data/raw/0037/0092.txt,data/raw/0037/0092_pca_mesh.obj,0.481831305,60.76514319,TRUE,0.425108663,53.61168627,30.356178,TRUE,0.422295254,53.25687913,1.2710266,TRUE,0.472312224,59.56466432,0.2622208,20,TRUE,TRUE,62.785995658926,0037
01,0093,11.23,data/raw/0028/0093.txt,data/raw/0028/0093_pca_mesh.obj,0.391422554,49.36343335,TRUE,0.373595974,47.11527167,10.7419521,TRUE,0.361114285,45.54116975,0.8637075,TRUE,0.380675957,48.00814887,0.1509893,20,TRUE,TRUE,47.60070560210245,0028
02,0094,19.37,data/raw/0020/0094.txt,data/raw/0020/0094_pca_mesh.obj,0.246384885,92.44284511,TRUE,0.254103171,95.33872188,7.7411784,TRUE,0.25344918,95.09334666,1.0589689,TRUE,0.221756433,83.20232616,0.1648238,20,TRUE,TRUE,103.34805073688014,0020
02,0095,19.37,data/raw/0001/0095.txt,data/raw/0001/0095_pca_mesh.obj,0.111426582,41.80690808,TRUE,0.159741754,59.93461105,6.5440869,TRUE,0.160028673,60.042262,0.7285544,TRUE,0.097776441,36.68541771,0.0662961,20,TRUE,TRUE,41.372849495303456,0001
02,0096,19.37,data/raw/0017/0096.txt,data/raw/0017/0096_pca_mesh.obj,0.180176476,67.60165528,TRUE,0.178109063,66.82596832,12.6556944,TRUE,0.190104604,71.32665821,0.8181502,TRUE,0.17330936,65.02513457,0.1335726,20,TRUE,TRUE,68.50555396758323,0017
02,0097,19.37,data/raw/0012/0097.txt,data/raw/0012/0097_pca_mesh.obj,0.157815347,59.21182898,TRUE,0.180236145,67.624043,4.6050371,TRUE,0.190771309,71.57680374,0.9021716,TRUE,0.145123479,54.4498793,0.1197943,20,TRUE,TRUE,67.23576011353222,0012
02,0098,19.37,data/raw/0011/0098.txt,data/raw/0011/0098_pca_mesh.obj,0.090326819,33.89034264,TRUE,0.130270418,48.87705717,3.401019,TRUE,0.131171252,49.21504696,0.6744923,TRUE,0.087476544,32.82092802,0.0802907,20,TRUE,TRUE,31.257998065861205,0011
02,0099,19.37,data/raw/0009/0099.txt,data/raw/0009/0099_pca_mesh.obj,0.086802438,32.56800559,TRUE,0.12181603,45.70499666,4.0749152,TRUE,0.125109895,46.94084487,0.6321196,TRUE,0.0852417,31.98242141,0.072985,20,TRUE,TRUE,30.929209512018232,0009
02,0100,19.37,data/raw/0022/0100.txt,data/raw/0022/0100_pca_mesh.obj,0.055693247,20.8959336,TRUE,0.108946644,40.87644294,1.8961838,TRUE,0.11595993,43.50780623,0.6959948,TRUE,0.054416802,20.41701528,0.0484019,20,TRUE,TRUE,20.394685113229755,0022
02,0101,14.69,data/raw/0024/0101.txt,data/raw/0024/0101_pca_mesh.obj,0.098571342,21.27131115,TRUE,0.295168662,63.69624604,14.332467,TRUE,0.26117029,56.35952993,0.6771844,TRUE,0.070133625,15.13456271,0.038579,20,TRUE,TRUE,19.820480227891306,0024
02,0102,14.69,data/raw/0010/0102.txt,data/raw/0010/0102_pca_mesh.obj,0.151566209,32.70739677,TRUE,0.181422884,39.15035082,4.1231968,TRUE,0.181267325,39.11678181,0.6774646,TRUE,0.144183542,31.11424595,0.0755757,20,TRUE,TRUE,26.81163808412716,0010
02,0103,14.69,data/raw/0009/0103.txt,data/raw/0009/0103_pca_mesh.obj,0.255257525,55.08357831,TRUE,0.294069105,63.45896605,12.808993,TRUE,0.3473861,74.9645656,0.9538947,TRUE,0.240031214,51.79779983,0.1565729,20,TRUE,TRUE,53.37937749968833,0009
02,0104,14.69,data/raw/0018/0104.txt,data/raw/0018/0104_pca_mesh.obj,0.332931702,71.84536278,TRUE,0.318764783,68.78819703,9.323635,TRUE,0.277485373,59.88026134,0.9895099,TRUE,0.32672353,70.50566346,0.2065757,20,TRUE,TRUE,68.56003700194347,0018
02,0105,14.69,data/raw/0002/0105.txt,data/raw/0002/0105_pca_mesh.obj,0.199424498,43.03502896,TRUE,0.293421965,63.31931574,4.6505596,TRUE,0.33765674,72.8650077,0.8351263,TRUE,0.187438821,40.44856645,0.0849727,20,TRUE,TRUE,39.82073495880552,0002
02,0106,14.69,data/raw/0004/0106.txt,data/raw/0004/0106_pca_mesh.obj,0.211969674,45.74222902,TRUE,0.24463912,52.79216808,4.3013708,TRUE,0.284590986,61.41362491,0.8272149,TRUE,0.20357006,43.92962513,0.1212202,20,TRUE,TRUE,48.327579346038654,0004
02,0107,14.69,data/raw/0012/0107.txt,data/raw/0012/0107_pca_mesh.obj,0.157378212,33.9616044,TRUE,0.177442427,38.29138377,14.3225635,TRUE,0.185916314,40.1200155,0.6792819,TRUE,0.151808091,32.7595939,0.0850402,20,TRUE,TRUE,26.479680657553065,0012
01,0108,12.1,data/raw/0011/0108.txt,data/raw/0011/0108_pca_mesh.obj,0.591283463,86.56981184,TRUE,0.641524921,93.92566374,7.9688346,TRUE,0.656664232,96.14221017,1.2230831,TRUE,0.561191239,82.16400934,0.2713883,20,TRUE,TRUE,83.68036163770064,0011
01,0109,12.1,data/raw/0010/0109.txt,data/raw/0010/0109_pca_mesh.obj,0.577501615,84.55201142,TRUE,0.712839283,104.3667994,7.9705622,TRUE,0.723643911,105.948705,0.9914856,TRUE,0.563920698,82.56362933,0.1896428,20,TRUE,TRUE,90.79644500456844,0010
01,0110,12.1,data/raw/0012/0110.txt,data/raw/0012/0110_pca_mesh.obj,0.597187452,87.43421487,TRUE,0.563104883,82.44418586,15.0571779,TRUE,0.566134604,82.8877673,1.4462955,TRUE,0.581070246,85.07449465,0.2460793,20,TRUE,TRUE,78.82229728512398,0012
01,0111,12.1,data/raw/0031/0111.txt,data/raw/0031/0111_pca_mesh.obj,0.349408475,51.1568948,TRUE,0.379639793,55.58306204,7.2160321,TRUE,0.379733621,55.59679951,0.858942,TRUE,0.328396158,48.08048149,0.1754633,20,TRUE,TRUE,58.820061589870974,0031
01,0112,12.1,data/raw/0016/0112.txt,data/raw/0016/0112_pca_mesh.obj,0.693116043,101.4791198,TRUE,0.637734945,93.37077336,13.6391019,TRUE,0.533044754,78.04308237,1.8496592,TRUE,0.729615749,106.8230419,0.3507265,20,TRUE,TRUE,103.15609898913998,0016
01,0113,12.1,data/raw/0029/0113.txt,data/raw/0029/0113_pca_mesh.obj,0.339703312,49.73596192,TRUE,0.355919108,52.11011665,6.8865709,TRUE,0.424681159,62.1775685,0.7474832,TRUE,0.320364143,46.90451424,0.1383396,20,TRUE,TRUE,46.84218661411878,0029
01,0114,12.1,data/raw/0004/0114.txt,data/raw/0004/0114_pca_mesh.obj,0.504697359,73.89274033,TRUE,0.512850706,75.08647184,8.6384725,TRUE,0.510241745,74.70449383,1.0819201,TRUE,0.481803891,70.54090772,0.195928,20,TRUE,TRUE,84.21694117988034,0004
01,0115,12.16,data/raw/0018/0115.txt,data/raw/0018/0115_pca_mesh.obj,0.269603287,39.86505183,TRUE,0.379141164,56.0619357,4.8740822,TRUE,0.422505334,62.47400479,0.7581743,TRUE,0.259770094,38.41106087,0.0939641,20,TRUE,TRUE,43.10116258061636,0018
01,0116,12.16,data/raw/0034/0116.txt,data/raw/0034/0116_pca_mesh.obj,0.395443313,58.47246281,TRUE,0.394008762,58.26034202,7.1326811,TRUE,0.372744017,55.11601765,1.1010753,TRUE,0.384052949,56.78821972,0.1557247,20,TRUE,TRUE,59.47514040150051,0034
01,0117,12.16,data/raw/0014/0117.txt,data/raw/0014/0117_pca_mesh.obj,0.599526073,88.64928247,TRUE,0.590752406,87.3519589,8.094637,TRUE,0.586363628,86.70300972,1.2104042,TRUE,0.590836712,87.36442499,0.2450374,20,TRUE,TRUE,102.78931283933765,0014
01,0118,12.16,data/raw/0005/0118.txt,data/raw/0005/0118_pca_mesh.obj,0.505307993,74.71766955,TRUE,0.520587781,76.97702457,8.0039278,TRUE,0.505936785,74.81064632,1.0413607,TRUE,0.478033428,70.68469966,0.2090363,20,TRUE,TRUE,72.38715753527964,0005
01,0119,12.16,data/raw/0035/0119.txt,data/raw/0035/0119_pca_mesh.obj,0.407533452,60.26017833,TRUE,0.412153486,60.94332251,7.4915052,TRUE,0.403744499,59.69992254,0.9521234,TRUE,0.419870042,62.08433575,0.1759454,20,TRUE,TRUE,55.18686067883808,0035
01,0120,12.16,data/raw/0013/0120.txt,data/raw/0013/0120_pca_mesh.obj,0.592052541,87.54420427,TRUE,0.586949542,86.7896462,8.0958504,TRUE,0.575422351,85.08517123,1.2257149,TRUE,0.557878482,82.49103652,0.2406258,20,TRUE,TRUE,82.87619477289917,0013
04,0121,12.55,data/raw/0022/0121.txt,data/raw/0022/0121_pca_mesh.obj,0.435739792,68.63010665,TRUE,0.476176347,74.99896505,7.8199212,TRUE,0.498202047,78.46806783,0.957948,TRUE,0.430393798,67.7880991,0.2287559,20,TRUE,TRUE,74.71932747475725,0022
04,0122,12.55,data/raw/0033/0122.txt,data/raw/0033/0122_pca_mesh.obj,0.518524438,81.6688953,TRUE,0.542427828,85.43373901,11.0791618,TRUE,0.541643477,85.31020172,1.1906883,TRUE,0.497101844,78.29478319,0.2855031,20,TRUE,TRUE,88.49037698015428,0033
04,0123,12.55,data/raw/0026/0123.txt,data/raw/0026/0123_pca_mesh.obj,0.17805321,28.04382575,TRUE,0.424925879,66.92688821,6.1317684,TRUE,0.437835283,68.96015165,0.9372618,TRUE,0.172608389,27.18625278,0.1117312,20,TRUE,TRUE,27.599807670641344,0026
04,0124,12.55,data/raw/0039/0124.txt,data/raw/0039/0124_pca_mesh.obj,0.599700997,94.45440628,TRUE,0.673331226,106.0513515,11.9415995,TRUE,0.562385414,88.57710867,1.7833587,TRUE,0.552069627,86.95234643,0.3370297,20,TRUE,TRUE,90.82242553954782,0039
04,0125,12.55,data/raw/0040/0125.txt,data/raw/0040/0125_pca_mesh.obj,0.71497203,112.6098821,TRUE,0.556502646,87.65055801,12.2480402,TRUE,0.5205936,81.99479353,1.7610528,TRUE,0.685132047,107.9100102,0.4680301,20,TRUE,TRUE,118.42164154993897,0040
04,0126,12.55,data/raw/0017/0126.txt,data/raw/0017/0126_pca_mesh.obj,0.394630574,62.15530192,TRUE,0.452415881,71.25663227,10.1405195,TRUE,0.462212043,72.7995523,1.2480466,TRUE,0.385867766,60.77513783,0.2045952,20,TRUE,TRUE,59.07496777167735,0017
04,0127,12.55,data/raw/0025/0127.txt,data/raw/0025/0127_pca_mesh.obj,0.447000244,70.40365599,TRUE,0.524116796,82.54970568,8.2484202,TRUE,0.531137464,83.65547838,1.0320668,TRUE,0.441762929,69.57876565,0.2293842,20,TRUE,TRUE,70.09916485364867,0025
04,0128,12.55,data/raw/0008/0128.txt,data/raw/0008/0128_pca_mesh.obj,0.353488127,55.67526366,TRUE,0.492163506,77.51698261,7.4017911,TRUE,0.432203306,68.07310124,1.0566197,TRUE,0.315310683,49.66222089,0.2299965,20,TRUE,TRUE,46.59472661196962,0008
04,0129,13.75,data/raw/0035/0129.txt,data/raw/0035/0129_pca_mesh.obj,0.438623117,82.9271831,TRUE,0.453339849,85.70956528,12.0068508,TRUE,0.427552116,80.83407197,1.3813516,TRUE,0.409999022,77.51544001,0.2841197,20,TRUE,TRUE,79.80671698135106,0035
04,0130,13.75,data/raw/0024/0130.txt,data/raw/0024/0130_pca_mesh.obj,0.371195692,70.17918553,TRUE,0.360542263,68.16502166,16.4225058,TRUE,0.322776728,61.02497508,1.7613297,TRUE,0.362582595,68.55077185,0.3112003,20,TRUE,TRUE,81.7458326120646,0024
04,0131,13.75,data/raw/0016/0131.txt,data/raw/0016/0131_pca_mesh.obj,0.327773086,61.96959898,TRUE,0.334769488,63.29235625,8.1754139,TRUE,0.327159692,61.85362918,1.0125348,TRUE,0.326301918,61.69145632,0.1833576,20,TRUE,TRUE,58.09725376215931,0016
04,0132,13.75,data/raw/0028/0132.txt,data/raw/0028/0132_pca_mesh.obj,0.159643678,30.18263296,TRUE,0.229587876,43.40645783,7.0163332,TRUE,0.239362817,45.25453262,0.7796292,TRUE,0.156999234,29.68266774,0.1637529,20,TRUE,TRUE,28.631765181649705,0028
04,0133,13.75,data/raw/0021/0133.txt,data/raw/0021/0133_pca_mesh.obj,0.350742529,66.3122593,TRUE,0.341202664,64.50862869,11.5880524,TRUE,0.331508322,62.67579214,1.57557,TRUE,0.321238185,60.73409426,0.2971111,20,TRUE,TRUE,64.20673518507786,0021
04,0134,13.75,data/raw/0029/0134.txt,data/raw/0029/0134_pca_mesh.obj,0.3973025,75.11500389,TRUE,0.420543262,79.50896046,8.2508755,TRUE,0.378370178,71.53561175,1.2430551,TRUE,0.342420487,64.73887331,0.2760639,20,TRUE,TRUE,91.90599930631029,0029
04,0135,13.75,data/raw/0026/0135.txt,data/raw/0026/0135_pca_mesh.obj,0.379050571,71.66424865,TRUE,0.429632676,81.22742789,12.235379,TRUE,0.422680727,79.91307502,1.0835549,TRUE,0.364379608,68.89051954,0.2905045,20,TRUE,TRUE,73.2815445935326,0026
04,0136,13.13,data/raw/0001/0136.txt,data/raw/0001/0136_pca_mesh.obj,0.274406086,47.30675855,TRUE,0.307420415,52.99832649,7.4899429,TRUE,0.262107464,45.18651426,1.5546228,TRUE,0.269241572,46.4164123,0.3565086,20,TRUE,TRUE,36.45615024032902,0001
04,0137,13.13,data/raw/0002/0137.txt,data/raw/0002/0137_pca_mesh.obj,0.284151248,48.98679431,TRUE,0.310196994,53.47700024,10.1058569,TRUE,0.301726954,52.0167915,1.5233801,TRUE,0.281085268,48.4582288,0.3417758,20,TRUE,TRUE,48.512127454205505,0002
04,0138,13.13,data/raw/0029/0138.txt,data/raw/0029/0138_pca_mesh.obj,0.19051106,32.84351617,TRUE,0.204851822,35.31581912,6.5219702,TRUE,0.208056747,35.86833823,0.965316,TRUE,0.187193135,32.27151616,0.2345375,20,TRUE,TRUE,32.23342185022713,0029
04,0139,13.13,data/raw/0034/0139.txt,data/raw/0034/0139_pca_mesh.obj,0.244059292,42.07506542,TRUE,0.243669603,42.00788412,7.0168905,TRUE,0.252765011,43.57590438,1.3454022,TRUE,0.231191977,39.85678013,0.3099027,20,TRUE,TRUE,43.57086774041846,0034
04,0140,13.13,data/raw/0010/0140.txt,data/raw/0010/0140_pca_mesh.obj,0.333779826,57.54260723,TRUE,0.340522433,58.70501175,6.7730974,TRUE,0.316340484,54.53611877,1.2706257,TRUE,0.326601461,56.30507948,0.3477382,20,TRUE,TRUE,60.655767067415624,0010
04,0141,13.13,data/raw/0003/0141.txt,data/raw/0003/0141_pca_mesh.obj,0.2923116,50.39361363,TRUE,0.333443002,57.48453981,7.5469874,TRUE,0.251890814,43.42519539,1.7057929,TRUE,0.286470882,49.38669196,0.407521,20,TRUE,TRUE,43.10345692762236,0003
04,0142,13.13,data/raw/0038/0142.txt,data/raw/0038/0142_pca_mesh.obj,0.257327903,44.36253276,TRUE,0.251641353,43.38218911,7.3801012,TRUE,0.242584643,41.82084041,1.3716217,TRUE,0.249369651,42.99055478,0.3121055,20,TRUE,TRUE,39.495367915168345,0038
04,0143,13.3,data/raw/0036/0143.txt,data/raw/0036/0143_pca_mesh.obj,0.244867355,43.31458635,TRUE,0.268838071,47.55476643,13.8662195,TRUE,0.265799086,47.01720038,1.1075419,TRUE,0.23523014,41.60985943,0.1808605,20,TRUE,TRUE,47.257109127581025,0036
04,0144,13.3,data/raw/0009/0144.txt,data/raw/0009/0144_pca_mesh.obj,0.323672834,57.25448764,TRUE,0.364715282,64.51448632,10.0923329,TRUE,0.376811831,66.65424486,1.1365789,TRUE,0.318410098,56.32356222,0.2244581,20,TRUE,TRUE,42.526288184909056,0009
04,0145,13.3,data/raw/0019/0145.txt,data/raw/0019/0145_pca_mesh.obj,0.354987523,62.793743,TRUE,0.383657635,67.86519904,8.3667697,TRUE,0.431961399,76.40965182,1.1307434,TRUE,0.349717346,61.8615013,0.248568,20,TRUE,TRUE,58.10369746921648,0019
04,0146,13.3,data/raw/0020/0146.txt,data/raw/0020/0146_pca_mesh.obj,0.368935741,65.26104329,TRUE,0.380462465,67.3000054,8.2194763,TRUE,0.420673715,74.41297347,1.0752374,TRUE,0.363475299,64.2951456,0.233537,20,TRUE,TRUE,61.77814312064863,0020
04,0147,13.3,data/raw/0039/0147.txt,data/raw/0039/0147_pca_mesh.obj,0.255716369,45.23366852,TRUE,0.311812862,55.15657708,7.5071949,TRUE,0.329604268,58.3036989,0.9875254,TRUE,0.24645355,43.5951684,0.2221869,20,TRUE,TRUE,45.396657885773486,0039
04,0148,13.3,data/raw/0004/0148.txt,data/raw/0004/0148_pca_mesh.obj,0.288072033,50.95706188,TRUE,0.342609964,60.60427647,11.4332582,TRUE,0.33453488,59.17587493,1.0378603,TRUE,0.277497173,49.08647493,0.2275641,20,TRUE,TRUE,49.400573662787714,0004
04,0149,13.3,data/raw/0011/0149.txt,data/raw/0011/0149_pca_mesh.obj,0.327283071,57.8931025,TRUE,0.384436929,68.00304835,8.331554,TRUE,0.425315627,75.2340813,1.179984,TRUE,0.326743239,57.7976116,0.2575703,20,TRUE,TRUE,53.650938973683786,0011
04,0150,13.08,data/raw/0023/0150.txt,data/raw/0023/0150_pca_mesh.obj,0.401218851,68.64308888,TRUE,0.453719537,77.62524218,11.6674253,TRUE,0.474842846,81.23915307,1.0250233,TRUE,0.396093067,67.76613685,0.2460406,20,TRUE,TRUE,66.67121826752086,0023
04,0151,13.08,data/raw/0031/0151.txt,data/raw/0031/0151_pca_mesh.obj,0.449857471,76.96449516,TRUE,0.546772551,93.54534743,10.0600031,TRUE,0.530699168,90.79541022,1.0972505,TRUE,0.436582907,74.69339779,0.2851743,20,TRUE,TRUE,61.22830166494297,0031
04,0152,13.08,data/raw/0038/0152.txt,data/raw/0038/0152_pca_mesh.obj,0.535731866,91.65643625,TRUE,0.52951039,90.59202643,11.9813483,TRUE,0.524262495,89.69418285,1.6312066,TRUE,0.514265109,87.98376617,0.2915569,20,TRUE,TRUE,77.96910645005397,0038
04,0153,13.08,data/raw/0032/0153.txt,data/raw/0032/0153_pca_mesh.obj,0.463702821,79.33324625,TRUE,0.497648387,85.14087106,10.1397446,TRUE,0.514943845,88.09988871,1.1941997,TRUE,0.449628519,76.92532468,0.2499924,20,TRUE,TRUE,78.80975640108954,0032
04,0154,13.08,data/raw/0023/0154.txt,data/raw/0023/0154_pca_mesh.obj,0.132172737,22.6129577,TRUE,0.205199059,35.10676829,14.5275993,TRUE,0.228084632,39.02217856,0.8166663,TRUE,0.131627871,22.51973865,0.0941673,20,TRUE,TRUE,21.03168408720571,0023
04,0155,13.08,data/raw/0036/0155.txt,data/raw/0036/0155_pca_mesh.obj,0.510430692,87.32774961,TRUE,0.546651596,93.5246536,8.7912093,TRUE,0.531830632,90.98898827,1.7858346,TRUE,0.491583264,84.10321096,0.3065956,20,TRUE,TRUE,85.22334769145579,0036
04,0156,13.08,data/raw/0022/0156.txt,data/raw/0022/0156_pca_mesh.obj,0.12692293,21.71478716,TRUE,0.223408139,38.22209427,6.7570605,TRUE,0.25190304,43.09718435,0.7221133,TRUE,0.132509695,22.67060673,0.1346416,20,TRUE,TRUE,17.860452656289855,0022
04,0157,13.08,data/raw/0025/0157.txt,data/raw/0025/0157_pca_mesh.obj,0.161633872,27.65335735,TRUE,0.243365227,41.63648064,4.4218397,TRUE,0.277613761,47.4959389,0.9011946,TRUE,0.149161821,25.51955902,0.092898,20,TRUE,TRUE,26.91620297900898,0025
04,0158,13.15,data/raw/0027/0158.txt,data/raw/0027/0158_pca_mesh.obj,0.425023753,73.49616986,TRUE,0.438449075,75.8177101,9.4927927,TRUE,0.430729339,74.48279414,1.5976125,TRUE,0.404914538,70.01883418,0.3106678,20,TRUE,TRUE,71.57779883508462,0027
04,0159,13.15,data/raw/0012/0159.txt,data/raw/0012/0159_pca_mesh.obj,0.343771238,59.44578188,TRUE,0.364475755,63.02605883,11.0050458,TRUE,0.380063813,65.72158462,1.0593331,TRUE,0.339543322,58.71468017,0.2427195,20,TRUE,TRUE,54.82949722826145,0012
04,0160,13.15,data/raw/0014/0160.txt,data/raw/0014/0160_pca_mesh.obj,0.353426471,61.11538887,TRUE,0.365169598,63.14603988,8.9071637,TRUE,0.387485299,67.0049266,1.0416451,TRUE,0.351006988,60.69700582,0.2264762,20,TRUE,TRUE,58.90991497599248,0014
04,0161,13.15,data/raw/0013/0161.txt,data/raw/0013/0161_pca_mesh.obj,0.344854852,59.63316314,TRUE,0.35506915,61.39944505,12.7809409,TRUE,0.387779247,67.05575679,1.2977148,TRUE,0.328513521,56.80737931,0.3176348,20,TRUE,TRUE,49.64537115410436,0013
04,0162,13.15,data/raw/0035/0162.txt,data/raw/0035/0162_pca_mesh.obj,0.247671172,42.82791818,TRUE,0.317209846,54.85271963,14.151333,TRUE,0.357120498,61.75416932,1.0932331,TRUE,0.234688077,40.58284904,0.1879401,20,TRUE,TRUE,41.86572060876916,0035
04,0163,13.15,data/raw/0024/0163.txt,data/raw/0024/0163_pca_mesh.obj,0.14234437,24.61454433,TRUE,0.26445936,45.73097371,5.1111001,TRUE,0.280674207,48.53488564,0.8368378,TRUE,0.138949777,24.02754288,0.1045422,20,TRUE,TRUE,24.8166347437873,0024
04,0164,13.15,data/raw/0021/0164.txt,data/raw/0021/0164_pca_mesh.obj,0.125009053,21.616878,TRUE,0.198960557,34.40475697,4.6857099,TRUE,0.221245215,38.25827565,0.7778204,TRUE,0.124446316,21.51956809,0.1061273,20,TRUE,TRUE,22.357012624800095,0021
04,0165,11.4,data/raw/0030/0165.txt,data/raw/0030/0165_pca_mesh.obj,0.282584052,36.72462342,TRUE,0.324519474,42.17455084,11.409176,TRUE,0.325550268,42.30851277,0.9947805,TRUE,0.271302252,35.25844072,0.1600859,20,TRUE,TRUE,43.87634817318836,0030
04,0166,11.4,data/raw/0040/0166.txt,data/raw/0040/0166_pca_mesh.obj,0.357880291,46.51012268,TRUE,0.438803489,57.02690137,14.6041111,TRUE,0.523674728,68.05676761,1.1020016,TRUE,0.353898778,45.99268521,0.2412679,20,TRUE,TRUE,51.12232403791745,0040
04,0167,11.4,data/raw/0027/0167.txt,data/raw/0027/0167_pca_mesh.obj,0.221420866,28.77585576,TRUE,0.220973081,28.71766159,7.2416789,TRUE,0.210328213,27.33425459,1.208432,TRUE,0.213258343,27.71505426,0.1634077,20,TRUE,TRUE,27.794096851667867,0027
04,0168,11.4,data/raw/0005/0168.txt,data/raw/0005/0168_pca_mesh.obj,0.400267921,52.01881897,TRUE,0.468124054,60.83740212,10.5554905,TRUE,0.4733332,61.51438269,1.0486197,TRUE,0.387912619,50.413124,0.2349279,20,TRUE,TRUE,57.63457982663851,0005
04,0169,11.4,data/raw/0031/0169.txt,data/raw/0031/0169_pca_mesh.obj,0.310721073,40.38131071,TRUE,0.323779328,42.0783615,7.707798,TRUE,0.3154058,40.99013778,1.1483176,TRUE,0.305158783,39.65843539,0.1846992,20,TRUE,TRUE,35.33572195993737,0031
04,0170,11.4,data/raw/0006/0170.txt,data/raw/0006/0170_pca_mesh.obj,0.409724069,53.24774,TRUE,0.422848738,54.953422,14.7697573,TRUE,0.437138987,56.81058277,0.9820921,TRUE,0.397513022,51.66079236,0.2340929,20,TRUE,TRUE,58.60579822719927,0006
04,0171,11.4,data/raw/0033/0171.txt,data/raw/0033/0171_pca_mesh.obj,0.314491807,40.8713553,TRUE,0.347978157,45.22324135,7.7886682,TRUE,0.345485719,44.89932407,1.0758628,TRUE,0.307783843,39.99958829,0.1932374,20,TRUE,TRUE,35.6205096613162,0033
04,0172,11.4,data/raw/0037/0172.txt,data/raw/0037/0172_pca_mesh.obj,0.338444117,43.98419751,TRUE,0.393301983,51.11352577,7.6438515,TRUE,0.405699044,52.72464774,1.0700892,TRUE,0.329985939,42.88497263,0.2034029,20,TRUE,TRUE,41.28393373646724,0037
04,0173,12.4,data/raw/0032/0173.txt,data/raw/0032/0173_pca_mesh.obj,0.265497122,40.82283751,TRUE,0.262173889,40.31185724,10.9244489,TRUE,0.284284587,43.71159805,0.9745197,TRUE,0.213473416,32.82367245,0.125967,20,TRUE,TRUE,35.804398179398845,0032
04,0174,12.4,data/raw/0015/0174.txt,data/raw/0015/0174_pca_mesh.obj,0.39861935,61.29171133,TRUE,0.457027979,70.27262209,7.5568477,TRUE,0.449641084,69.13681315,1.0515732,TRUE,0.369081705,56.75000298,0.1639844,20,TRUE,TRUE,51.48681574951276,0015
04,0175,12.4,data/raw/0007/0175.txt,data/raw/0007/0175_pca_mesh.obj,0.352078169,54.13553927,TRUE,0.447779437,68.85056622,7.4159462,TRUE,0.468085179,71.97277716,0.9640831,TRUE,0.343636639,52.83756961,0.1619711,20,TRUE,TRUE,56.900441094501616,0007
04,0176,12.4,data/raw/0028/0176.txt,data/raw/0028/0176_pca_mesh.obj,0.488496566,75.11123195,TRUE,0.591141057,90.89384894,9.8680727,TRUE,0.592253036,91.06482686,1.0285243,TRUE,0.485754262,74.68957528,0.1786649,20,TRUE,TRUE,69.99179612184228,0028
04,0177,12.4,data/raw/0030/0177.txt,data/raw/0030/0177_pca_mesh.obj,0.490507772,75.42047508,TRUE,0.529380823,81.39759533,9.8928183,TRUE,0.538600058,82.81514493,1.2367177,TRUE,0.471255619,72.460264,0.2520602,20,TRUE,TRUE,74.30172141514365,0030
04,0178,12.4,data/raw/0018/0178.txt,data/raw/0018/0178_pca_mesh.obj,0.406368858,62.48327566,TRUE,0.493279871,75.84671291,7.5538198,TRUE,0.50872042,78.22085178,1.0032129,TRUE,0.397573258,61.13086417,0.2274469,20,TRUE,TRUE,65.49103511293086,0018
04,0179,12.4,data/raw/0037/0179.txt,data/raw/0037/0179_pca_mesh.obj,0.578295051,88.91864697,TRUE,0.581331632,89.38555169,8.8707289,TRUE,0.626239183,96.2905367,1.2260448,TRUE,0.54571696,83.9094397,0.2301378,20,TRUE,TRUE,78.44487978114428,0037
04,0180,12.4,data/raw/0034/0180.txt,data/raw/0034/0180_pca_mesh.obj,0.532561723,81.88669053,TRUE,0.669908936,103.005198,10.4885304,TRUE,0.666631199,102.5012131,0.9845036,TRUE,0.511097669,78.58637759,0.2121661,20,TRUE,TRUE,81.91908714946054,0034
03,0181,14.41,data/raw/0032/0181.txt,data/raw/0032/0181_pca_mesh.obj,0.311400333,64.6616874,TRUE,0.227170215,47.17146351,12.6185574,TRUE,0.21866711,45.40581001,1.6608742,TRUE,0.189364174,39.32111089,0.5530649,20,TRUE,TRUE,60.49390899172101,0032
03,0182,14.41,data/raw/0034/0182.txt,data/raw/0034/0182_pca_mesh.obj,0.185620307,38.54370416,TRUE,0.177510362,36.85968933,16.3454248,TRUE,0.146284193,30.37563483,1.5580568,TRUE,0.146310489,30.381095,0.3739431,20,TRUE,TRUE,35.06251817659643,0034
03,0183,14.41,data/raw/0030/0183.txt,data/raw/0030/0183_pca_mesh.obj,0.171700307,35.65324247,TRUE,0.16450719,34.15960535,11.1065673,TRUE,0.118842699,24.67746059,1.8476175,TRUE,0.122105415,25.35495743,0.3359589,20,TRUE,TRUE,40.342428391868125,0030
03,0184,14.41,data/raw/0031/0184.txt,data/raw/0031/0184_pca_mesh.obj,0.298182855,61.91710326,TRUE,0.242953929,50.44892166,10.9821756,TRUE,0.232445758,48.26692007,1.8481515,TRUE,0.234713243,48.73775901,0.6523567,20,TRUE,TRUE,64.42681162233865,0031
03,0185,14.41,data/raw/0024/0185.txt,data/raw/0024/0185_pca_mesh.obj,0.274847432,57.07154707,TRUE,0.235408639,48.8821567,12.595332,TRUE,0.234677924,48.730425,1.3836471,TRUE,0.202699442,42.09015398,0.5279013,20,TRUE,TRUE,55.44966638754939,0024
03,0186,14.41,data/raw/0029/0186.txt,data/raw/0029/0186_pca_mesh.obj,0.286571408,59.50600834,TRUE,0.225402621,46.804426,15.4860959,TRUE,0.210023988,43.61108216,1.4758133,TRUE,0.21905891,45.4871664,0.4349897,20,TRUE,TRUE,59.25365751220997,0029
03,0187,14.41,data/raw/0034/0187.txt,data/raw/0034/0187_pca_mesh.obj,0.314808165,65.36931741,TRUE,0.274008568,56.89735843,11.4800664,TRUE,0.255189966,52.98971161,1.7037071,TRUE,0.245534264,50.98472345,0.7827062,20,TRUE,TRUE,62.05826886416677,0034
03,0188,14.41,data/raw/0003/0188.txt,data/raw/0003/0188_pca_mesh.obj,0.203964619,42.35286554,TRUE,0.194784391,40.44660862,17.3273584,TRUE,0.160002719,33.22426052,1.7729855,TRUE,0.148653672,30.86765261,0.4304605,20,TRUE,TRUE,36.7569329338711,0003
03,0189,12.86,data/raw/0029/0189.txt,data/raw/0029/0189_pca_mesh.obj,0.211362746,34.95508644,TRUE,0.242318434,40.07452574,7.2704519,TRUE,0.242982302,40.18431595,0.9197233,TRUE,0.195972054,32.40977991,0.1229146,20,TRUE,TRUE,30.220223841812537,0029
03,0190,12.86,data/raw/0028/0190.txt,data/raw/0028/0190_pca_mesh.obj,0.358236015,59.24492893,TRUE,0.411771683,68.09863624,12.0419904,TRUE,0.315158225,52.12074124,1.4968569,TRUE,0.335782056,55.53150207,0.24753,20,TRUE,TRUE,58.35031846057297,0028
03,0191,12.86,data/raw/0026/0191.txt,data/raw/0026/0191_pca_mesh.obj,0.184021899,30.43346812,TRUE,0.21723587,35.92638122,10.4927455,TRUE,0.160233954,26.49942719,0.8763235,TRUE,0.173519269,28.69654737,0.1096144,20,TRUE,TRUE,30.96003542778892,0026
03,0192,12.86,data/raw/0004/0192.txt,data/raw/0004/0192_pca_mesh.obj,0.257222906,42.53942135,TRUE,0.272124725,45.00387822,10.9702289,TRUE,0.279501514,46.22384858,1.2945825,TRUE,0.254893696,42.15421743,0.2527755,20,TRUE,TRUE,41.40499897719663,0004
03,0193,12.86,data/raw/0019/0193.txt,data/raw/0019/0193_pca_mesh.obj,0.337002934,55.73341046,TRUE,0.340788622,56.35948591,16.562265,TRUE,0.319756627,52.88122309,1.2107698,TRUE,0.317863673,52.56816705,0.2893983,20,TRUE,TRUE,60.127124707087,0019
03,0194,12.86,data/raw/0008/0194.txt,data/raw/0008/0194_pca_mesh.obj,0.270149549,44.67722443,TRUE,0.274652125,45.42185851,8.6675505,TRUE,0.282642406,46.74328811,1.0816671,TRUE,0.259345079,42.89038547,0.2534219,20,TRUE,TRUE,40.59592907639355,0008
03,0195,12.86,data/raw/0010/0195.txt,data/raw/0010/0195_pca_mesh.obj,0.29338147,48.51931017,TRUE,0.299998311,49.61360071,12.0444481,TRUE,0.297385675,49.18152406,1.0120906,TRUE,0.282473602,46.71537136,0.3056022,20,TRUE,TRUE,43.056769184575536,0010
03,0196,13.96,data/raw/0016/0196.txt,data/raw/0016/0196_pca_mesh.obj,0.282064139,54.96911078,TRUE,0.279194534,54.40987741,6.3839889,TRUE,0.208122859,40.55931583,1.5423803,TRUE,0.256581327,50.00297962,0.4935078,20,TRUE,TRUE,52.140354315485915,0016
03,0197,13.96,data/raw/0020/0197.txt,data/raw/0020/0197_pca_mesh.obj,0.287102491,55.95099275,TRUE,0.308566623,60.13395716,7.4599052,TRUE,0.247380247,48.2098584,1.5980039,TRUE,0.246604584,48.05869586,0.3553738,20,TRUE,TRUE,60.17010335616403,0020
03,0198,13.96,data/raw/0027/0198.txt,data/raw/0027/0198_pca_mesh.obj,0.299318371,58.33164297,TRUE,0.296593773,57.80066896,15.3100926,TRUE,0.217955864,42.47558755,1.9622663,TRUE,0.248427299,48.41390945,0.3976729,20,TRUE,TRUE,60.16243793536328,0027
03,0199,13.96,data/raw/0007/0199.txt,data/raw/0007/0199_pca_mesh.obj,0.227018416,44.24171217,TRUE,0.244473342,47.64335596,6.8456823,TRUE,0.197300279,38.45019404,1.7588343,TRUE,0.204044791,39.76457536,0.2838426,20,TRUE,TRUE,46.23253228293223,0007
03,0200,13.96,data/raw/0039/0200.txt,data/raw/0039/0200_pca_mesh.obj,0.206553684,40.25351251,TRUE,0.186691617,36.38276111,10.1813264,TRUE,0.150780732,29.38439023,1.6499795,TRUE,0.179668671,35.01411808,0.3664887,20,TRUE,TRUE,41.303940433792285,0039
03,0201,13.96,data/raw/0025/0201.txt,data/raw/0025/0201_pca_mesh.obj,0.153337204,29.88259963,TRUE,0.150269745,29.28480839,8.1729468,TRUE,0.140147855,27.31223825,1.0755511,TRUE,0.140757233,27.43099475,0.1958205,20,TRUE,TRUE,27.998850920093805,0025
03,0202,13.96,data/raw/0006/0202.txt,data/raw/0006/0202_pca_mesh.obj,0.22492648,43.83403235,TRUE,0.206814264,40.30429468,10.4477211,TRUE,0.175789162,34.25807313,1.9377282,TRUE,0.201865038,39.33978159,0.3172199,20,TRUE,TRUE,40.60772446224383,0006
03,0203,12.86,data/raw/0027/0203.txt,data/raw/0027/0203_pca_mesh.obj,0.184592526,30.52783811,TRUE,0.176749569,29.23077307,12.7633641,TRUE,0.179883385,29.74904219,1.2688573,TRUE,0.134745466,22.28415126,0.1505731,20,TRUE,TRUE,32.4528981414463,0027
03,0204,12.86,data/raw/0018/0204.txt,data/raw/0018/0204_pca_mesh.obj,0.334281731,55.28337902,TRUE,0.298025261,49.28729853,14.8573195,TRUE,0.280087429,46.32074705,1.2012182,TRUE,0.273189466,45.17996453,0.2844127,20,TRUE,TRUE,53.95683929996584,0018
03,0205,12.86,data/raw/0035/0205.txt,data/raw/0035/0205_pca_mesh.obj,0.39862827,65.92498391,TRUE,0.402539801,66.57187131,11.4034774,TRUE,0.341871299,56.53853874,1.4840569,TRUE,0.322903465,53.40164586,0.3005845,20,TRUE,TRUE,62.123725738727686,0035
03,0206,12.86,data/raw/0015/0206.txt,data/raw/0015/0206_pca_mesh.obj,0.325036842,53.75446285,TRUE,0.33784193,55.87216326,12.8817386,TRUE,0.276744458,45.76788779,1.197594,TRUE,0.26034025,43.05496634,0.2857757,20,TRUE,TRUE,54.06145650545345,0015
03,0207,12.86,data/raw/0038/0207.txt,data/raw/0038/0207_pca_mesh.obj,0.242747591,40.14549956,TRUE,0.273744844,45.27181288,10.2593723,TRUE,0.214030164,35.39622293,1.1301436,TRUE,0.226008625,37.37721603,0.2695868,20,TRUE,TRUE,40.925864816728875,0038
03,0208,12.86,data/raw/0040/0208.txt,data/raw/0040/0208_pca_mesh.obj,0.24472228,40.47207283,TRUE,0.322643713,53.35868822,9.5439529,TRUE,0.227523409,37.62773032,0.9902649,TRUE,0.21200416,35.06116314,0.1387855,20,TRUE,TRUE,39.01762017729376,0040
03,0209,12.86,data/raw/0021/0209.txt,data/raw/0021/0209_pca_mesh.obj,0.338817725,56.03353989,TRUE,0.355093826,58.72527487,17.4091569,TRUE,0.319554362,52.84777255,1.2437015,TRUE,0.290594383,48.05838287,0.2622339,20,TRUE,TRUE,61.201539108235416,0021
03,0210,11.79,data/raw/0022/0210.txt,data/raw/0022/0210_pca_mesh.obj,0.405504899,56.36684356,TRUE,0.331196678,46.03769616,11.8210262,TRUE,0.289058566,40.18032583,1.8328994,TRUE,0.31962279,44.42887821,0.5185667,20,TRUE,TRUE,58.09801662071594,0022
03,0211,11.79,data/raw/0028/0211.txt,data/raw/0028/0211_pca_mesh.obj,0.241930396,33.62931699,TRUE,0.218992927,30.4409147,9.8139715,TRUE,0.166114194,23.09055401,1.5710659,TRUE,0.199599806,27.74519136,0.3458325,20,TRUE,TRUE,36.57297681153584,0028
03,0212,11.79,data/raw/0037/0212.txt,data/raw/0037/0212_pca_mesh.obj,0.287303679,39.93638929,TRUE,0.291345691,40.49824555,11.476524,TRUE,0.216388309,30.07886219,1.4729397,TRUE,0.229012084,31.83361858,0.3022149,20,TRUE,TRUE,36.531560289930816,0037
03,0213,11.79,data/raw/0009/0213.txt,data/raw/0009/0213_pca_mesh.obj,0.343613586,47.76369722,TRUE,0.326185003,45.34105282,16.3234519,TRUE,0.26844997,37.31564653,1.8584418,TRUE,0.276577058,38.445345,0.3177627,20,TRUE,TRUE,50.26273842256818,0009
03,0214,11.79,data/raw/0032/0214.txt,data/raw/0032/0214_pca_mesh.obj,0.26986949,37.51296562,TRUE,0.264532243,36.77106638,13.2001587,TRUE,0.2191929,30.46871179,1.1979568,TRUE,0.241295689,33.54109011,0.3070923,20,TRUE,TRUE,36.8776479531214,0032
03,0215,11.79,data/raw/0036/0215.txt,data/raw/0036/0215_pca_mesh.obj,0.281437985,39.12103386,TRUE,0.28344507,39.4000268,13.8875723,TRUE,0.273009467,37.94943525,1.2131179,TRUE,0.256704431,35.68296845,0.2837249,20,TRUE,TRUE,42.45252557785769,0036
03,0216,11.79,data/raw/0035/0216.txt,data/raw/0035/0216_pca_mesh.obj,0.278872838,38.76446781,TRUE,0.252511698,35.10016129,10.0019612,TRUE,0.205083882,28.50750045,1.8502508,TRUE,0.254565409,35.38563559,0.3658423,20,TRUE,TRUE,38.65848252692724,0035
03,0217,11.79,data/raw/0002/0217.txt,data/raw/0002/0217_pca_mesh.obj,0.304431037,42.31716231,TRUE,0.293932561,40.85783116,8.9594161,TRUE,0.244090477,33.92957706,1.2041538,TRUE,0.27790328,38.6296953,0.2998682,20,TRUE,TRUE,45.18211029911001,0002
03,0218,16.76,data/raw/0037/0218.txt,data/raw/0037/0218_pca_mesh.obj,0.245202794,68.87687634,TRUE,0.212476771,59.68421493,15.9930368,TRUE,0.191192355,53.70547374,1.574714,TRUE,0.177213779,49.77892521,0.4359767,20,TRUE,TRUE,60.467358225245846,0037
03,0219,16.76,data/raw/0033/0219.txt,data/raw/0033/0219_pca_mesh.obj,0.232687368,65.3613231,TRUE,0.210351835,59.08732549,15.8043883,TRUE,0.171139284,48.07261417,1.6789288,TRUE,0.191712725,53.85164426,0.4253593,20,TRUE,TRUE,66.47279150859855,0033
03,0220,16.76,data/raw/0040/0220.txt,data/raw/0040/0220_pca_mesh.obj,0.41130939,115.5358206,TRUE,0.270636955,76.02127125,9.4647135,TRUE,0.294645611,82.76524487,1.309954,TRUE,0.298734859,83.91390483,0.8274385,20,TRUE,TRUE,108.82196192559441,0040
03,0221,16.76,data/raw/0023/0221.txt,data/raw/0023/0221_pca_mesh.obj,0.201861537,56.70242135,TRUE,0.178955763,50.26824434,14.9268344,TRUE,0.150843711,42.37163649,1.5306539,TRUE,0.165967067,46.61975087,0.3110899,20,TRUE,TRUE,57.14065716803315,0023
03,0222,16.76,data/raw/0026/0222.txt,data/raw/0026/0222_pca_mesh.obj,0.207239134,58.2129755,TRUE,0.196655801,55.24014259,15.5418337,TRUE,0.142709448,40.08674151,1.7635071,TRUE,0.159422265,44.7813316,0.3694469,20,TRUE,TRUE,61.25146750460217,0026
03,0223,16.76,data/raw/0024/0223.txt,data/raw/0024/0223_pca_mesh.obj,0.103471426,29.0648751,TRUE,0.108500304,30.47747496,4.8825845,TRUE,0.10460647,29.38370646,1.1583049,TRUE,0.093632236,26.30107039,0.1546993,20,TRUE,TRUE,28.51125962719773,0024
03,0224,16.76,data/raw/0022/0224.txt,data/raw/0022/0224_pca_mesh.obj,0.094870974,26.64902896,TRUE,0.099139139,27.84794625,6.8323024,TRUE,0.087965902,24.70941063,0.9282544,TRUE,0.085963356,24.1469003,0.1365013,20,TRUE,TRUE,29.459308043617554,0022
03,0225,14.03,data/raw/0013/0225.txt,data/raw/0013/0225_pca_mesh.obj,0.260419322,51.26117363,TRUE,0.26221329,51.61430002,7.4468137,TRUE,0.20793773,40.93064995,1.5703813,TRUE,0.24200909,47.63728716,0.2956266,20,TRUE,TRUE,54.04624186323518,0013
03,0226,14.03,data/raw/0039/0226.txt,data/raw/0039/0226_pca_mesh.obj,0.378967895,74.59638145,TRUE,0.336274839,66.19264202,12.0748004,TRUE,0.280936652,55.29982342,1.6646724,TRUE,0.315110987,62.02673019,0.4059491,20,TRUE,TRUE,76.34140711461478,0039
03,0227,14.03,data/raw/0025/0227.txt,data/raw/0025/0227_pca_mesh.obj,0.294166097,57.90391921,TRUE,0.317725934,62.54145871,12.3219157,TRUE,0.232458799,45.75739922,1.626566,TRUE,0.266494219,52.45696185,0.4417809,20,TRUE,TRUE,58.18771539383706,0025
03,0228,14.03,data/raw/0017/0228.txt,data/raw/0017/0228_pca_mesh.obj,0.279745122,55.06528151,TRUE,0.251150595,49.43670907,14.921496,TRUE,0.226352351,44.55540044,1.2338192,TRUE,0.231273043,45.52399393,0.2674052,20,TRUE,TRUE,51.87822622946196,0017
03,0229,14.03,data/raw/0012/0229.txt,data/raw/0012/0229_pca_mesh.obj,0.253651827,49.92905397,TRUE,0.249197812,49.05232159,7.4104034,TRUE,0.197952595,38.96516699,1.6117987,TRUE,0.236356313,46.52458936,0.3048842,20,TRUE,TRUE,56.88071538809172,0012
03,0230,14.03,data/raw/0001/0230.txt,data/raw/0001/0230_pca_mesh.obj,0.212880586,41.90360609,TRUE,0.223033286,43.90207271,7.4040977,TRUE,0.179608249,35.35424929,1.5095061,TRUE,0.196876379,38.75332362,0.3008505,20,TRUE,TRUE,41.66996469683798,0001
03,0231,14.03,data/raw/0021/0231.txt,data/raw/0021/0231_pca_mesh.obj,0.10319721,20.31343174,TRUE,0.099884175,19.66129096,6.0911044,TRUE,0.095103964,18.72034992,1.15091,TRUE,0.097011473,19.09582575,0.1789571,20,TRUE,TRUE,22.855556735009436,0021
03,0232,14.03,data/raw/0031/0232.txt,data/raw/0031/0232_pca_mesh.obj,0.190273233,37.45355439,TRUE,0.201998908,39.76164679,6.4652638,TRUE,0.19937252,39.24466623,1.2520127,TRUE,0.177355719,34.91085933,0.2340718,20,TRUE,TRUE,42.68194261250896,0031
03,0233,12.86,data/raw/0014/0233.txt,data/raw/0014/0233_pca_mesh.obj,0.321334128,53.14210961,TRUE,0.355569621,58.80396169,10.5307724,TRUE,0.273798844,45.2807433,1.429938,TRUE,0.282293821,46.68563921,0.3165437,20,TRUE,TRUE,54.61549489181917,0014
03,0234,12.86,data/raw/0011/0234.txt,data/raw/0011/0234_pca_mesh.obj,0.301209892,49.81397151,TRUE,0.312968525,51.75860952,24.4382745,TRUE,0.30090657,49.76380824,1.5821809,TRUE,0.278734443,46.09699077,0.2190925,20,TRUE,TRUE,42.801431947709375,0011
03,0235,12.86,data/raw/0005/0235.txt,data/raw/0005/0235_pca_mesh.obj,0.260414829,43.06730031,TRUE,0.296264391,48.99608653,10.8921276,TRUE,0.236850174,39.17018702,1.3787995,TRUE,0.224146109,37.06919383,0.2784748,20,TRUE,TRUE,45.01885088116415,0005
03,0236,12.86,data/raw/0023/0236.txt,data/raw/0023/0236_pca_mesh.obj,0.167066358,27.62936744,TRUE,0.191750415,31.71160688,9.6021171,TRUE,0.158176749,26.15920749,0.9673316,TRUE,0.148910196,24.62670867,0.1709629,20,TRUE,TRUE,27.722236955831914,0023
03,0237,12.86,data/raw/0038/0237.txt,data/raw/0038/0237_pca_mesh.obj,0.434901775,71.92388164,TRUE,0.474188807,78.4211553,9.9251714,TRUE,0.397114338,65.6746104,1.437498,TRUE,0.405512592,67.06351026,0.2517018,20,TRUE,TRUE,73.2307449305277,0038
03,0238,12.86,data/raw/0033/0238.txt,data/raw/0033/0238_pca_mesh.obj,0.229124325,37.89248926,TRUE,0.24186436,39.99943115,8.4841475,TRUE,0.204118663,33.7570629,1.047153,TRUE,0.189596038,31.35531694,0.1724407,20,TRUE,TRUE,37.45513729344003,0033
03,0239,12.86,data/raw/0036/0239.txt,data/raw/0036/0239_pca_mesh.obj,0.414605752,68.56733339,TRUE,0.411083447,67.984816,18.3414621,TRUE,0.323147276,53.44196732,1.2012548,TRUE,0.373355377,61.74536297,0.2764703,20,TRUE,TRUE,72.8779341130038,0036
03,0240,12.86,data/raw/0030/0240.txt,data/raw/0030/0240_pca_mesh.obj,0.369903293,61.17445863,TRUE,0.374553774,61.94355325,8.8789368,TRUE,0.334202139,55.27021613,1.0520727,TRUE,0.317794163,52.55667161,0.2033359,20,TRUE,TRUE,57.153977371755914,0030
