leaf,genotype,scale_factor,txt_path,pca_obj_path,in_benchmark,storage_folder,pca_area_cm2
0001,01,14.76,data/raw/0020/0001.txt,data/raw/0020/0001_pca_mesh.obj,True,0020,141.4668738079194
0002,01,14.76,data/raw/0018/0002.txt,data/raw/0018/0002_pca_mesh.obj,True,0018,113.48075221558713
0003,01,14.76,data/raw/0007/0003.txt,data/raw/0007/0003_pca_mesh.obj,True,0007,79.31525850639461
0004,01,14.76,data/raw/0006/0004.txt,data/raw/0006/0004_pca_mesh.obj,True,0006,27.391521332156007
0005,01,14.76,data/raw/0007/0005.txt,data/raw/0007/0005_pca_mesh.obj,True,0007,27.598638037734517
0006,01,14.76,data/raw/0039/0006.txt,data/raw/0039/0006_pca_mesh.obj,True,0039,62.38810945877537
0007,01,14.76,data/raw/0005/0007.txt,data/raw/0005/0007_pca_mesh.obj,True,0005,22.84153611415582
0008,01,14.22,data/raw/0016/0008.txt,data/raw/0016/0008_pca_mesh.obj,True,0016,36.79074107588779
0009,01,14.22,data/raw/0008/0009.txt,data/raw/0008/0009_pca_mesh.obj,True,0008,79.80073732955202
0010,01,14.22,data/raw/0002/0010.txt,data/raw/0002/0010_pca_mesh.obj,True,0002,69.80040673312207
0011,01,14.22,data/raw/0017/0011.txt,data/raw/0017/0011_pca_mesh.obj,True,0017,37.76388484778576
0012,01,14.22,data/raw/0023/0012.txt,data/raw/0023/0012_pca_mesh.obj,True,0023,44.50210870912895
0013,01,14.22,data/raw/0038/0013.txt,data/raw/0038/0013_pca_mesh.obj,True,0038,61.17198262954342
0014,01,14.22,data/raw/0008/0014.txt,data/raw/0008/0014_pca_mesh.obj,True,0008,30.23455356269459
0015,02,12.16,data/raw/0006/0015.txt,data/raw/0006/0015_pca_mesh.obj,True,0006,48.83587879302274
0016,02,12.16,data/raw/0011/0016.txt,data/raw/0011/0016_pca_mesh.obj,True,0011,57.232069434170356
0017,02,12.16,data/raw/0008/0017.txt,data/raw/0008/0017_pca_mesh.obj,True,0008,52.10110027971288
0018,02,12.16,data/raw/0019/0018.txt,data/raw/0019/0018_pca_mesh.obj,True,0019,74.17926239363312
0019,02,12.16,data/raw/0016/0019.txt,data/raw/0016/0019_pca_mesh.obj,True,0016,66.25278197255587
0020,02,12.16,data/raw/0003/0020.txt,data/raw/0003/0020_pca_mesh.obj,True,0003,45.36566740328532
0021,02,12.16,data/raw/0015/0021.txt,data/raw/0015/0021_pca_mesh.obj,True,0015,34.82219679581042
0022,02,12.86,data/raw/0023/0022.txt,data/raw/0023/0022_pca_mesh.obj,True,0023,21.156144489633604
0023,02,12.86,data/raw/0014/0023.txt,data/raw/0014/0023_pca_mesh.obj,True,0014,34.230242552405215
0024,02,12.86,data/raw/0007/0024.txt,data/raw/0007/0024_pca_mesh.obj,True,0007,31.472068805600138
0025,02,12.86,data/raw/0040/0025.txt,data/raw/0040/0025_pca_mesh.obj,True,0040,27.959884697198607
0026,02,12.86,data/raw/0035/0026.txt,data/raw/0035/0026_pca_mesh.obj,True,0035,26.206541402284085
0027,02,12.86,data/raw/0030/0027.txt,data/raw/0030/0027_pca_mesh.obj,True,0030,25.465050134177037
0028,02,12.86,data/raw/0018/0028.txt,data/raw/0018/0028_pca_mesh.obj,True,0018,37.93476038928806
0029,02,15.12,data/raw/0003/0029.txt,data/raw/0003/0029_pca_mesh.obj,True,0003,28.949456327562576
0030,02,15.12,data/raw/0038/0030.txt,data/raw/0038/0030_pca_mesh.obj,True,0038,26.86783307041223
0031,02,15.12,data/raw/0033/0031.txt,data/raw/0033/0031_pca_mesh.obj,True,0033,25.76586486274196
0032,02,15.12,data/raw/0016/0032.txt,data/raw/0016/0032_pca_mesh.obj,True,0016,35.24061791919002
0033,02,15.12,data/raw/0005/0033.txt,data/raw/0005/0033_pca_mesh.obj,True,0005,31.010694209528364
0034,02,15.12,data/raw/0021/0034.txt,data/raw/0021/0034_pca_mesh.obj,True,0021,20.669292997752006
0035,02,12.92,data/raw/0036/0035.txt,data/raw/0036/0035_pca_mesh.obj,True,0036,26.356357210386967
0036,02,12.92,data/raw/0031/0036.txt,data/raw/0031/0036_pca_mesh.obj,True,0031,25.614050048197097
0037,02,12.92,data/raw/0037/0037.txt,data/raw/0037/0037_pca_mesh.obj,True,0037,26.672712917542427
0038,02,12.92,data/raw/0025/0038.txt,data/raw/0025/0038_pca_mesh.obj,True,0025,21.376523540052943
0039,02,12.92,data/raw/0028/0039.txt,data/raw/0028/0039_pca_mesh.obj,True,0028,24.487107747806114
0040,02,12.92,data/raw/0004/0040.txt,data/raw/0004/0040_pca_mesh.obj,True,0004,29.901917691505034
0041,01,12.65,data/raw/0032/0041.txt,data/raw/0032/0041_pca_mesh.obj,True,0032,52.19007525132933
0042,01,12.65,data/raw/0012/0042.txt,data/raw/0012/0042_pca_mesh.obj,True,0012,34.567322417766626
0043,01,12.65,data/raw/0001/0043.txt,data/raw/0001/0043_pca_mesh.obj,True,0001,69.74384479958051
0044,01,12.65,data/raw/0014/0044.txt,data/raw/0014/0044_pca_mesh.obj,True,0014,35.73572780281597
0045,01,12.65,data/raw/0015/0045.txt,data/raw/0015/0045_pca_mesh.obj,True,0015,35.87925739253322
0046,01,12.65,data/raw/0033/0046.txt,data/raw/0033/0046_pca_mesh.obj,True,0033,57.718952046387216
0047,01,12.65,data/raw/0003/0047.txt,data/raw/0003/0047_pca_mesh.obj,True,0003,22.293016224695723
0048,01,13.3,data/raw/0030/0048.txt,data/raw/0030/0048_pca_mesh.obj,True,0030,50.70412160929185
0049,01,13.3,data/raw/0024/0049.txt,data/raw/0024/0049_pca_mesh.obj,True,0024,45.85631003435639
0050,01,13.3,data/raw/0019/0050.txt,data/raw/0019/0050_pca_mesh.obj,True,0019,125.67476836935955
0051,01,13.3,data/raw/0002/0051.txt,data/raw/0002/0051_pca_mesh.obj,True,0002,20.330675742398988
0052,01,13.3,data/raw/0009/0052.txt,data/raw/0009/0052_pca_mesh.obj,True,0009,31.70173232230594
0053,01,13.3,data/raw/0025/0053.txt,data/raw/0025/0053_pca_mesh.obj,True,0025,48.127848429772314
0054,01,13.3,data/raw/0001/0054.txt,data/raw/0001/0054_pca_mesh.obj,True,0001,20.006518783003262
0055,01,14.76,data/raw/0009/0055.txt,data/raw/0009/0055_pca_mesh.obj,True,0009,82.00915841042415
0056,01,14.76,data/raw/0017/0056.txt,data/raw/0017/0056_pca_mesh.obj,True,0017,113.05539817594246
0057,01,14.76,data/raw/0022/0057.txt,data/raw/0022/0057_pca_mesh.obj,True,0022,44.29202267221052
0058,01,14.76,data/raw/0026/0058.txt,data/raw/0026/0058_pca_mesh.obj,True,0026,48.24759725226314
0059,01,14.76,data/raw/0011/0059.txt,data/raw/0011/0059_pca_mesh.obj,True,0011,33.83496091775313
0060,01,14.76,data/raw/0004/0060.txt,data/raw/0004/0060_pca_mesh.obj,True,0004,22.723956115911047
0061,02,12.86,data/raw/0020/0061.txt,data/raw/0020/0061_pca_mesh.obj,True,0020,40.13680522930015
0062,02,12.86,data/raw/0007/0062.txt,data/raw/0007/0062_pca_mesh.obj,True,0007,50.93658575247595
0063,02,12.86,data/raw/0015/0063.txt,data/raw/0015/0063_pca_mesh.obj,True,0015,64.9660311901742
0064,02,12.86,data/raw/0013/0064.txt,data/raw/0013/0064_pca_mesh.obj,True,0013,59.84615076791674
0065,02,12.86,data/raw/0019/0065.txt,data/raw/0019/0065_pca_mesh.obj,True,0019,40.053358225703334
0066,02,12.86,data/raw/0029/0066.txt,data/raw/0029/0066_pca_mesh.obj,True,0029,25.276195920202248
0067,02,12.86,data/raw/0005/0067.txt,data/raw/0005/0067_pca_mesh.obj,True,0005,45.7790719950004
0068,02,12.88,data/raw/0010/0068.txt,data/raw/0010/0068_pca_mesh.obj,True,0010,56.33895140439691
0069,02,12.88,data/raw/0014/0069.txt,data/raw/0014/0069_pca_mesh.obj,True,0014,63.89918592152712
0070,02,12.88,data/raw/0001/0070.txt,data/raw/0001/0070_pca_mesh.obj,True,0001,28.594272414558468
0071,02,12.88,data/raw/0008/0071.txt,data/raw/0008/0071_pca_mesh.obj,True,0008,31.87243461161025
0072,02,12.88,data/raw/0032/0072.txt,data/raw/0032/0072_pca_mesh.obj,True,0032,25.62174199663628
0073,02,12.88,data/raw/0017/0073.txt,data/raw/0017/0073_pca_mesh.obj,True,0017,35.734952749136085
0074,02,12.92,data/raw/0027/0074.txt,data/raw/0027/0074_pca_mesh.obj,True,0027,22.786025022393844
0075,02,12.92,data/raw/0026/0075.txt,data/raw/0026/0075_pca_mesh.obj,True,0026,22.278990405595387
0076,02,12.92,data/raw/0002/0076.txt,data/raw/0002/0076_pca_mesh.obj,True,0002,28.81057032178116
0077,02,12.92,data/raw/0034/0077.txt,data/raw/0034/0077_pca_mesh.obj,True,0034,25.87103864174406
0078,02,12.92,data/raw/0039/0078.txt,data/raw/0039/0078_pca_mesh.obj,True,0039,27.473191075216498
0079,02,12.92,data/raw/0006/0079.txt,data/raw/0006/0079_pca_mesh.obj,True,0006,31.23396090960646
0080,02,12.92,data/raw/0013/0080.txt,data/raw/0013/0080_pca_mesh.obj,True,0013,34.077717700731
0081,01,11.79,data/raw/0006/0081.txt,data/raw/0006/0081_pca_mesh.obj,True,0006,74.97546824166714
0082,01,11.79,data/raw/0040/0082.txt,data/raw/0040/0082_pca_mesh.obj,True,0040,67.98327115687621
0083,01,11.79,data/raw/0015/0083.txt,data/raw/0015/0083_pca_mesh.obj,True,0015,93.93194662345886
0084,01,11.79,data/raw/0027/0084.txt,data/raw/0027/0084_pca_mesh.obj,True,0027,49.146847932708326
0085,01,11.79,data/raw/0020/0085.txt,data/raw/0020/0085_pca_mesh.obj,True,0020,41.51831547416201
0086,01,11.79,data/raw/0003/0086.txt,data/raw/0003/0086_pca_mesh.obj,True,0003,71.4588520971702
0087,01,11.79,data/raw/0021/0087.txt,data/raw/0021/0087_pca_mesh.obj,True,0021,44.210027511968846
0088,01,11.23,data/raw/0013/0088.txt,data/raw/0013/0088_pca_mesh.obj,True,0013,35.25302218092577
0089,01,11.23,data/raw/0010/0089.txt,data/raw/0010/0089_pca_mesh.obj,True,0010,32.010255528998385
0090,01,11.23,data/raw/0036/0090.txt,data/raw/0036/0090_pca_mesh.obj,True,0036,60.56757318671978
0091,01,11.23,data/raw/0019/0091.txt,data/raw/0019/0091_pca_mesh.obj,True,0019,41.3384329559972
0092,01,11.23,data/raw/0037/0092.txt,data/raw/0037/0092_pca_mesh.obj,True,0037,60.76514318723848
0093,01,11.23,data/raw/0028/0093.txt,data/raw/0028/0093_pca_mesh.obj,True,0028,49.363433353065695
0094,02,19.37,data/raw/0020/0094.txt,data/raw/0020/0094_pca_mesh.obj,True,0020,92.44284511433086
0095,02,19.37,data/raw/0001/0095.txt,data/raw/0001/0095_pca_mesh.obj,True,0001,41.80690808012769
0096,02,19.37,data/raw/0017/0096.txt,data/raw/0017/0096_pca_mesh.obj,True,0017,67.60165527915441
0097,02,19.37,data/raw/0012/0097.txt,data/raw/0012/0097_pca_mesh.obj,True,0012,59.21182897910063
0098,02,19.37,data/raw/0011/0098.txt,data/raw/0011/0098_pca_mesh.obj,True,0011,33.890342642808164
0099,02,19.37,data/raw/0009/0099.txt,data/raw/0009/0099_pca_mesh.obj,True,0009,32.568005591973275
0100,02,19.37,data/raw/0022/0100.txt,data/raw/0022/0100_pca_mesh.obj,True,0022,20.89593360150565
0101,02,14.69,data/raw/0024/0101.txt,data/raw/0024/0101_pca_mesh.obj,True,0024,21.271311153913405
0102,02,14.69,data/raw/0010/0102.txt,data/raw/0010/0102_pca_mesh.obj,True,0010,32.70739676941459
0103,02,14.69,data/raw/0009/0103.txt,data/raw/0009/0103_pca_mesh.obj,True,0009,55.08357831385474
0104,02,14.69,data/raw/0018/0104.txt,data/raw/0018/0104_pca_mesh.obj,True,0018,71.84536278059993
0105,02,14.69,data/raw/0002/0105.txt,data/raw/0002/0105_pca_mesh.obj,True,0002,43.03502896069808
0106,02,14.69,data/raw/0004/0106.txt,data/raw/0004/0106_pca_mesh.obj,True,0004,45.74222901501324
0107,02,14.69,data/raw/0012/0107.txt,data/raw/0012/0107_pca_mesh.obj,True,0012,33.96160440398003
0108,01,12.1,data/raw/0011/0108.txt,data/raw/0011/0108_pca_mesh.obj,True,0011,86.56981184077344
0109,01,12.1,data/raw/0010/0109.txt,data/raw/0010/0109_pca_mesh.obj,True,0010,84.55201141645952
0110,01,12.1,data/raw/0012/0110.txt,data/raw/0012/0110_pca_mesh.obj,True,0012,87.43421487463137
0111,01,12.1,data/raw/0031/0111.txt,data/raw/0031/0111_pca_mesh.obj,True,0031,51.15689479697719
0112,01,12.1,data/raw/0016/0112.txt,data/raw/0016/0112_pca_mesh.obj,True,0016,101.47911984204809
0113,01,12.1,data/raw/0029/0113.txt,data/raw/0029/0113_pca_mesh.obj,True,0029,49.735961924240094
0114,01,12.1,data/raw/0004/0114.txt,data/raw/0004/0114_pca_mesh.obj,True,0004,73.89274032816384
0115,01,12.16,data/raw/0018/0115.txt,data/raw/0018/0115_pca_mesh.obj,True,0018,39.865051833827934
0116,01,12.16,data/raw/0034/0116.txt,data/raw/0034/0116_pca_mesh.obj,True,0034,58.47246281497525
0117,01,12.16,data/raw/0014/0117.txt,data/raw/0014/0117_pca_mesh.obj,True,0014,88.64928247396188
0118,01,12.16,data/raw/0005/0118.txt,data/raw/0005/0118_pca_mesh.obj,True,0005,74.71766954693105
0119,01,12.16,data/raw/0035/0119.txt,data/raw/0035/0119_pca_mesh.obj,True,0035,60.26017833245044
0120,01,12.16,data/raw/0013/0120.txt,data/raw/0013/0120_pca_mesh.obj,True,0013,87.54420427207738
0121,04,12.55,data/raw/0022/0121.txt,data/raw/0022/0121_pca_mesh.obj,True,0022,68.63010665440056
0122,04,12.55,data/raw/0033/0122.txt,data/raw/0033/0122_pca_mesh.obj,True,0033,81.66889529805665
0123,04,12.55,data/raw/0026/0123.txt,data/raw/0026/0123_pca_mesh.obj,True,0026,28.04382574891623
0124,04,12.55,data/raw/0039/0124.txt,data/raw/0039/0124_pca_mesh.obj,True,0039,94.45440627776296
0125,04,12.55,data/raw/0040/0125.txt,data/raw/0040/0125_pca_mesh.obj,True,0040,112.6098821289011
0126,04,12.55,data/raw/0017/0126.txt,data/raw/0017/0126_pca_mesh.obj,True,0017,62.155301918943486
0127,04,12.55,data/raw/0025/0127.txt,data/raw/0025/0127_pca_mesh.obj,True,0025,70.40365598940274
0128,04,12.55,data/raw/0008/0128.txt,data/raw/0008/0128_pca_mesh.obj,True,0008,55.67526365725078
0129,04,13.75,data/raw/0035/0129.txt,data/raw/0035/0129_pca_mesh.obj,True,0035,82.92718310379809
0130,04,13.75,data/raw/0024/0130.txt,data/raw/0024/0130_pca_mesh.obj,True,0024,70.17918552898327
0131,04,13.75,data/raw/0016/0131.txt,data/raw/0016/0131_pca_mesh.obj,True,0016,61.9695989782511
0132,04,13.75,data/raw/0028/0132.txt,data/raw/0028/0132_pca_mesh.obj,True,0028,30.182632955450927
0133,04,13.75,data/raw/0021/0133.txt,data/raw/0021/0133_pca_mesh.obj,True,0021,66.31225929630673
0134,04,13.75,data/raw/0029/0134.txt,data/raw/0029/0134_pca_mesh.obj,True,0029,75.11500388580465
0135,04,13.75,data/raw/0026/0135.txt,data/raw/0026/0135_pca_mesh.obj,True,0026,71.66424865383247
0136,04,13.13,data/raw/0001/0136.txt,data/raw/0001/0136_pca_mesh.obj,True,0001,47.306758547469556
0137,04,13.13,data/raw/0002/0137.txt,data/raw/0002/0137_pca_mesh.obj,True,0002,48.98679430698689
0138,04,13.13,data/raw/0029/0138.txt,data/raw/0029/0138_pca_mesh.obj,True,0029,32.84351616975055
0139,04,13.13,data/raw/0034/0139.txt,data/raw/0034/0139_pca_mesh.obj,True,0034,42.075065422245395
0140,04,13.13,data/raw/0010/0140.txt,data/raw/0010/0140_pca_mesh.obj,True,0010,57.54260722732827
0141,04,13.13,data/raw/0003/0141.txt,data/raw/0003/0141_pca_mesh.obj,True,0003,50.3936136269494
0142,04,13.13,data/raw/0038/0142.txt,data/raw/0038/0142_pca_mesh.obj,True,0038,44.36253275826227
0143,04,13.3,data/raw/0036/0143.txt,data/raw/0036/0143_pca_mesh.obj,True,0036,43.314586351914485
0144,04,13.3,data/raw/0009/0144.txt,data/raw/0009/0144_pca_mesh.obj,True,0009,57.2544876400256
0145,04,13.3,data/raw/0019/0145.txt,data/raw/0019/0145_pca_mesh.obj,True,0019,62.7937429967177
0146,04,13.3,data/raw/0020/0146.txt,data/raw/0020/0146_pca_mesh.obj,True,0020,65.26104329038785
0147,04,13.3,data/raw/0039/0147.txt,data/raw/0039/0147_pca_mesh.obj,True,0039,45.233668524478865
0148,04,13.3,data/raw/0004/0148.txt,data/raw/0004/0148_pca_mesh.obj,True,0004,50.95706187738395
0149,04,13.3,data/raw/0011/0149.txt,data/raw/0011/0149_pca_mesh.obj,True,0011,57.89310249656289
0150,04,13.08,data/raw/0023/0150.txt,data/raw/0023/0150_pca_mesh.obj,True,0023,68.64308888039203
0151,04,13.08,data/raw/0031/0151.txt,data/raw/0031/0151_pca_mesh.obj,True,0031,76.96449516209361
0152,04,13.08,data/raw/0038/0152.txt,data/raw/0038/0152_pca_mesh.obj,True,0038,91.65643624667445
0153,04,13.08,data/raw/0032/0153.txt,data/raw/0032/0153_pca_mesh.obj,True,0032,79.33324625012996
0154,04,13.08,data/raw/0023/0154.txt,data/raw/0023/0154_pca_mesh.obj,True,0023,22.612957700466158
0155,04,13.08,data/raw/0036/0155.txt,data/raw/0036/0155_pca_mesh.obj,True,0036,87.32774961238098
0156,04,13.08,data/raw/0022/0156.txt,data/raw/0022/0156_pca_mesh.obj,True,0022,21.7147871625256
0157,04,13.08,data/raw/0025/0157.txt,data/raw/0025/0157_pca_mesh.obj,True,0025,27.653357352295714
0158,04,13.15,data/raw/0027/0158.txt,data/raw/0027/0158_pca_mesh.obj,True,0027,73.49616985867529
0159,04,13.15,data/raw/0012/0159.txt,data/raw/0012/0159_pca_mesh.obj,True,0012,59.445781884579446
0160,04,13.15,data/raw/0014/0160.txt,data/raw/0014/0160_pca_mesh.obj,True,0014,61.11538886780063
0161,04,13.15,data/raw/0013/0161.txt,data/raw/0013/0161_pca_mesh.obj,True,0013,59.63316314365968
0162,04,13.15,data/raw/0035/0162.txt,data/raw/0035/0162_pca_mesh.obj,True,0035,42.82791817555086
0163,04,13.15,data/raw/0024/0163.txt,data/raw/0024/0163_pca_mesh.obj,True,0024,24.614544330701317
0164,04,13.15,data/raw/0021/0164.txt,data/raw/0021/0164_pca_mesh.obj,True,0021,21.616877995267114
0165,04,11.4,data/raw/0030/0165.txt,data/raw/0030/0165_pca_mesh.obj,True,0030,36.724623416638984
0166,04,11.4,data/raw/0040/0166.txt,data/raw/0040/0166_pca_mesh.obj,True,0040,46.51012268206908
0167,04,11.4,data/raw/0027/0167.txt,data/raw/0027/0167_pca_mesh.obj,True,0027,28.775855757487616
0168,04,11.4,data/raw/0005/0168.txt,data/raw/0005/0168_pca_mesh.obj,True,0005,52.018818965802055
0169,04,11.4,data/raw/0031/0169.txt,data/raw/0031/0169_pca_mesh.obj,True,0031,40.381310710785726
0170,04,11.4,data/raw/0006/0170.txt,data/raw/0006/0170_pca_mesh.obj,True,0006,53.24774000121062
0171,04,11.4,data/raw/0033/0171.txt,data/raw/0033/0171_pca_mesh.obj,True,0033,40.87135529517728
0172,04,11.4,data/raw/0037/0172.txt,data/raw/0037/0172_pca_mesh.obj,True,0037,43.98419750587696
0173,04,12.4,data/raw/0032/0173.txt,data/raw/0032/0173_pca_mesh.obj,True,0032,40.82283751495309
0174,04,12.4,data/raw/0015/0174.txt,data/raw/0015/0174_pca_mesh.obj,True,0015,61.29171133237608
0175,04,12.4,data/raw/0007/0175.txt,data/raw/0007/0175_pca_mesh.obj,True,0007,54.135539269369914
0176,04,12.4,data/raw/0028/0176.txt,data/raw/0028/0176_pca_mesh.obj,True,0028,75.11123195273294
0177,04,12.4,data/raw/0030/0177.txt,data/raw/0030/0177_pca_mesh.obj,True,0030,75.42047508174963
0178,04,12.4,data/raw/0018/0178.txt,data/raw/0018/0178_pca_mesh.obj,True,0018,62.48327565713852
0179,04,12.4,data/raw/0037/0179.txt,data/raw/0037/0179_pca_mesh.obj,True,0037,88.91864697383268
0180,04,12.4,data/raw/0034/0180.txt,data/raw/0034/0180_pca_mesh.obj,True,0034,81.88669053206688
0181,03,14.41,data/raw/0032/0181.txt,data/raw/0032/0181_pca_mesh.obj,True,0032,64.6616873955477
0182,03,14.41,data/raw/0034/0182.txt,data/raw/0034/0182_pca_mesh.obj,True,0034,38.543704164180454
0183,03,14.41,data/raw/0030/0183.txt,data/raw/0030/0183_pca_mesh.obj,True,0030,35.65324246693325
0184,03,14.41,data/raw/0031/0184.txt,data/raw/0031/0184_pca_mesh.obj,True,0031,61.9171032643442
0185,03,14.41,data/raw/0024/0185.txt,data/raw/0024/0185_pca_mesh.obj,True,0024,57.071547070161365
0186,03,14.41,data/raw/0029/0186.txt,data/raw/0029/0186_pca_mesh.obj,True,0029,59.50600833795516
0187,03,14.41,data/raw/0034/0187.txt,data/raw/0034/0187_pca_mesh.obj,True,0034,65.36931741312016
0188,03,14.41,data/raw/0003/0188.txt,data/raw/0003/0188_pca_mesh.obj,True,0003,42.352865538587935
0189,03,12.86,data/raw/0029/0189.txt,data/raw/0029/0189_pca_mesh.obj,True,0029,34.95508643693935
0190,03,12.86,data/raw/0028/0190.txt,data/raw/0028/0190_pca_mesh.obj,True,0028,59.24492892832408
0191,03,12.86,data/raw/0026/0191.txt,data/raw/0026/0191_pca_mesh.obj,True,0026,30.43346812267701
0192,03,12.86,data/raw/0004/0192.txt,data/raw/0004/0192_pca_mesh.obj,True,0004,42.539421347072754
0193,03,12.86,data/raw/0019/0193.txt,data/raw/0019/0193_pca_mesh.obj,True,0019,55.73341045506824
0194,03,12.86,data/raw/0008/0194.txt,data/raw/0008/0194_pca_mesh.obj,True,0008,44.67722443409692
0195,03,12.86,data/raw/0010/0195.txt,data/raw/0010/0195_pca_mesh.obj,True,0010,48.51931016621969
0196,03,13.96,data/raw/0016/0196.txt,data/raw/0016/0196_pca_mesh.obj,True,0016,54.96911078395984
0197,03,13.96,data/raw/0020/0197.txt,data/raw/0020/0197_pca_mesh.obj,True,0020,55.9509927544933
0198,03,13.96,data/raw/0027/0198.txt,data/raw/0027/0198_pca_mesh.obj,True,0027,58.331642969133426
0199,03,13.96,data/raw/0007/0199.txt,data/raw/0007/0199_pca_mesh.obj,True,0007,44.2417121723066
0200,03,13.96,data/raw/0039/0200.txt,data/raw/0039/0200_pca_mesh.obj,True,0039,40.25351251256467
0201,03,13.96,data/raw/0025/0201.txt,data/raw/0025/0201_pca_mesh.obj,True,0025,29.882599631958975
0202,03,13.96,data/raw/0006/0202.txt,data/raw/0006/0202_pca_mesh.obj,True,0006,43.83403235162893
0203,03,12.86,data/raw/0027/0203.txt,data/raw/0027/0203_pca_mesh.obj,True,0027,30.527838112090144
0204,03,12.86,data/raw/0018/0204.txt,data/raw/0018/0204_pca_mesh.obj,True,0018,55.28337902123111
0205,03,12.86,data/raw/0035/0205.txt,data/raw/0035/0205_pca_mesh.obj,True,0035,65.92498390821073
0206,03,12.86,data/raw/0015/0206.txt,data/raw/0015/0206_pca_mesh.obj,True,0015,53.75446285011011
0207,03,12.86,data/raw/0038/0207.txt,data/raw/0038/0207_pca_mesh.obj,True,0038,40.145499560887735
0208,03,12.86,data/raw/0040/0208.txt,data/raw/0040/0208_pca_mesh.obj,True,0040,40.472072832534494
0209,03,12.86,data/raw/0021/0209.txt,data/raw/0021/0209_pca_mesh.obj,True,0021,56.03353988572319
0210,03,11.79,data/raw/0022/0210.txt,data/raw/0022/0210_pca_mesh.obj,True,0022,56.36684355832004
0211,03,11.79,data/raw/0028/0211.txt,data/raw/0028/0211_pca_mesh.obj,True,0028,33.629316990140424
0212,03,11.79,data/raw/0037/0212.txt,data/raw/0037/0212_pca_mesh.obj,True,0037,39.93638929095275
0213,03,11.79,data/raw/0009/0213.txt,data/raw/0009/0213_pca_mesh.obj,True,0009,47.76369722242952
0214,03,11.79,data/raw/0032/0214.txt,data/raw/0032/0214_pca_mesh.obj,True,0032,37.51296561994225
0215,03,11.79,data/raw/0036/0215.txt,data/raw/0036/0215_pca_mesh.obj,True,0036,39.12103385956099
0216,03,11.79,data/raw/0035/0216.txt,data/raw/0035/0216_pca_mesh.obj,True,0035,38.76446780540667
0217,03,11.79,data/raw/0002/0217.txt,data/raw/0002/0217_pca_mesh.obj,True,0002,42.31716230756252
0218,03,16.76,data/raw/0037/0218.txt,data/raw/0037/0218_pca_mesh.obj,True,0037,68.87687634320984
0219,03,16.76,data/raw/0033/0219.txt,data/raw/0033/0219_pca_mesh.obj,True,0033,65.36132310034678
0220,03,16.76,data/raw/0040/0220.txt,data/raw/0040/0220_pca_mesh.obj,True,0040,115.53582063502759
0221,03,16.76,data/raw/0023/0221.txt,data/raw/0023/0221_pca_mesh.obj,True,0023,56.702421346416784
0222,03,16.76,data/raw/0026/0222.txt,data/raw/0026/0222_pca_mesh.obj,True,0026,58.21297550055366
0223,03,16.76,data/raw/0024/0223.txt,data/raw/0024/0223_pca_mesh.obj,True,0024,29.064875095842847
0224,03,16.76,data/raw/0022/0224.txt,data/raw/0022/0224_pca_mesh.obj,True,0022,26.649028962934523
0225,03,14.03,data/raw/0013/0225.txt,data/raw/0013/0225_pca_mesh.obj,True,0013,51.2611736251155
0226,03,14.03,data/raw/0039/0226.txt,data/raw/0039/0226_pca_mesh.obj,True,0039,74.59638145317093
0227,03,14.03,data/raw/0025/0227.txt,data/raw/0025/0227_pca_mesh.obj,True,0025,57.903919207441085
0228,03,14.03,data/raw/0017/0228.txt,data/raw/0017/0228_pca_mesh.obj,True,0017,55.06528151164427
0229,03,14.03,data/raw/0012/0229.txt,data/raw/0012/0229_pca_mesh.obj,True,0012,49.92905397238031
0230,03,14.03,data/raw/0001/0230.txt,data/raw/0001/0230_pca_mesh.obj,True,0001,41.90360608510622
0231,03,14.03,data/raw/0021/0231.txt,data/raw/0021/0231_pca_mesh.obj,True,0021,20.313431739364958
0232,03,14.03,data/raw/0031/0232.txt,data/raw/0031/0232_pca_mesh.obj,True,0031,37.45355438897787
0233,03,12.86,data/raw/0014/0233.txt,data/raw/0014/0233_pca_mesh.obj,True,0014,53.14210960615967
0234,03,12.86,data/raw/0011/0234.txt,data/raw/0011/0234_pca_mesh.obj,True,0011,49.81397151203934
0235,03,12.86,data/raw/0005/0235.txt,data/raw/0005/0235_pca_mesh.obj,True,0005,43.06730031057252
0236,03,12.86,data/raw/0023/0236.txt,data/raw/0023/0236_pca_mesh.obj,True,0023,27.62936743853314
0237,03,12.86,data/raw/0038/0237.txt,data/raw/0038/0237_pca_mesh.obj,True,0038,71.92388164142301
0238,03,12.86,data/raw/0033/0238.txt,data/raw/0033/0238_pca_mesh.obj,True,0033,37.89248926181546
0239,03,12.86,data/raw/0036/0239.txt,data/raw/0036/0239_pca_mesh.obj,True,0036,68.56733339403814
0240,03,12.86,data/raw/0030/0240.txt,data/raw/0030/0240_pca_mesh.obj,True,0030,61.174458630997776
0241,01,14.76,data/raw/0013/0241.txt,data/raw/0013/0241_pca_mesh.obj,False,0013,44.34625283588938
0242,01,14.76,data/raw/0036/0242.txt,data/raw/0036/0242_pca_mesh.obj,False,0036,64.90150370810487
0243,01,14.76,data/raw/0004/0243.txt,data/raw/0004/0243_pca_mesh.obj,False,0004,99.97173131493108
0244,01,14.76,data/raw/0024/0244.txt,data/raw/0024/0244_pca_mesh.obj,False,0024,83.7685420679655
0245,01,14.76,data/raw/0035/0245.txt,data/raw/0035/0245_pca_mesh.obj,False,0035,63.79538149157001
0246,01,14.76,data/raw/0037/0246.txt,data/raw/0037/0246_pca_mesh.obj,False,0037,65.05530087234676
0247,01,14.76,data/raw/0025/0247.txt,data/raw/0025/0247_pca_mesh.obj,False,0025,84.1487655498151
0248,01,14.76,data/raw/0002/0248.txt,data/raw/0002/0248_pca_mesh.obj,False,0002,36.28604891697655
0249,01,14.76,data/raw/0020/0249.txt,data/raw/0020/0249_pca_mesh.obj,False,0020,52.562365145585474
0250,01,14.76,data/raw/0034/0250.txt,data/raw/0034/0250_pca_mesh.obj,False,0034,63.602035468158654
0251,01,14.76,data/raw/0028/0251.txt,data/raw/0028/0251_pca_mesh.obj,False,0028,16.830204697040454
0252,01,14.76,data/raw/0028/0252.txt,data/raw/0028/0252_pca_mesh.obj,False,0028,0.945251357192454
0253,01,14.22,data/raw/0040/0253.txt,data/raw/0040/0253_pca_mesh.obj,False,0040,34.82418188334677
0254,01,14.22,data/raw/0024/0254.txt,data/raw/0024/0254_pca_mesh.obj,False,0024,56.712749295200936
0255,01,14.22,data/raw/0005/0255.txt,data/raw/0005/0255_pca_mesh.obj,False,0005,37.29677456934719
0256,01,14.22,data/raw/0006/0256.txt,data/raw/0006/0256_pca_mesh.obj,False,0006,70.7252132080778
0257,01,14.22,data/raw/0038/0257.txt,data/raw/0038/0257_pca_mesh.obj,False,0038,27.05899536026177
0258,01,14.22,data/raw/0027/0258.txt,data/raw/0027/0258_pca_mesh.obj,False,0027,15.879740042664451
0259,01,14.22,data/raw/0003/0259.txt,data/raw/0003/0259_pca_mesh.obj,False,0003,36.31295082418895
0260,01,14.22,data/raw/0009/0260.txt,data/raw/0009/0260_pca_mesh.obj,False,0009,42.14628632780373
0261,01,14.22,data/raw/0006/0261.txt,data/raw/0006/0261_pca_mesh.obj,False,0006,3.950172111817664
0262,01,14.22,data/raw/0029/0262.txt,data/raw/0029/0262_pca_mesh.obj,False,0029,1.0123705063808077
0263,02,12.16,data/raw/0036/0263.txt,data/raw/0036/0263_pca_mesh.obj,False,0036,22.186069938732942
0264,02,12.16,data/raw/0023/0264.txt,data/raw/0023/0264_pca_mesh.obj,False,0023,9.71574414829456
0265,02,12.16,data/raw/0013/0265.txt,data/raw/0013/0265_pca_mesh.obj,False,0013,2.951743627844373
0266,02,12.16,data/raw/0016/0266.txt,data/raw/0016/0266_pca_mesh.obj,False,0016,4.22090101671954
0267,02,12.16,data/raw/0010/0267.txt,data/raw/0010/0267_pca_mesh.obj,False,0010,0.8278738587505882
0268,02,12.16,data/raw/0015/0268.txt,data/raw/0015/0268_pca_mesh.obj,False,0015,25.56081289608173
0269,02,12.16,data/raw/0012/0269.txt,data/raw/0012/0269_pca_mesh.obj,False,0012,47.24276713885294
0270,02,12.16,data/raw/0017/0270.txt,data/raw/0017/0270_pca_mesh.obj,False,0017,64.87289674624078
0271,02,12.16,data/raw/0022/0271.txt,data/raw/0022/0271_pca_mesh.obj,False,0022,76.29029014779724
0272,02,12.16,data/raw/0014/0272.txt,data/raw/0014/0272_pca_mesh.obj,False,0014,63.21542197785803
0273,02,12.16,data/raw/0021/0273.txt,data/raw/0021/0273_pca_mesh.obj,False,0021,70.43227840363352
0274,02,12.16,data/raw/0030/0274.txt,data/raw/0030/0274_pca_mesh.obj,False,0030,53.392310625515776
0275,02,12.16,data/raw/0028/0275.txt,data/raw/0028/0275_pca_mesh.obj,False,0028,51.7281585659163
0276,02,12.16,data/raw/0017/0276.txt,data/raw/0017/0276_pca_mesh.obj,False,0017,49.18943280201524
0277,02,12.16,data/raw/0013/0277.txt,data/raw/0013/0277_pca_mesh.obj,False,0013,47.651315463642185
0278,02,12.16,data/raw/0012/0278.txt,data/raw/0012/0278_pca_mesh.obj,False,0012,17.1106006116347
0279,02,12.16,data/raw/0031/0279.txt,data/raw/0031/0279_pca_mesh.obj,False,0031,20.444320860966915
0280,02,12.16,data/raw/0001/0280.txt,data/raw/0001/0280_pca_mesh.obj,False,0001,56.160274912284606
0281,02,12.16,data/raw/0026/0281.txt,data/raw/0026/0281_pca_mesh.obj,False,0026,12.180058502569509
0282,02,12.16,data/raw/0028/0282.txt,data/raw/0028/0282_pca_mesh.obj,False,0028,12.208916610077308
0283,02,12.16,data/raw/0035/0283.txt,data/raw/0035/0283_pca_mesh.obj,False,0035,14.79558288208834
0284,02,12.16,data/raw/0039/0284.txt,data/raw/0039/0284_pca_mesh.obj,False,0039,22.858936565659068
0285,02,12.16,data/raw/0021/0285.txt,data/raw/0021/0285_pca_mesh.obj,False,0021,9.1538682966276
0286,02,12.86,data/raw/0017/0286.txt,data/raw/0017/0286_pca_mesh.obj,False,0017,7.382924500983912
0287,02,12.86,data/raw/0014/0287.txt,data/raw/0014/0287_pca_mesh.obj,False,0014,3.1026687912942474
0288,02,12.86,data/raw/0011/0288.txt,data/raw/0011/0288_pca_mesh.obj,False,0011,1.2279544802014297
0289,02,12.86,data/raw/0028/0289.txt,data/raw/0028/0289_pca_mesh.obj,False,0028,27.913503486897447
0290,02,12.86,data/raw/0040/0290.txt,data/raw/0040/0290_pca_mesh.obj,False,0040,15.621234219531404
0291,02,12.86,data/raw/0011/0291.txt,data/raw/0011/0291_pca_mesh.obj,False,0011,24.981824064158356
0292,02,12.86,data/raw/0013/0292.txt,data/raw/0013/0292_pca_mesh.obj,False,0013,33.028598318477094
0293,02,12.86,data/raw/0001/0293.txt,data/raw/0001/0293_pca_mesh.obj,False,0001,30.688811118565187
0294,02,12.86,data/raw/0016/0294.txt,data/raw/0016/0294_pca_mesh.obj,False,0016,17.655253417068444
0295,02,12.86,data/raw/0019/0295.txt,data/raw/0019/0295_pca_mesh.obj,False,0019,26.78281714034289
0296,02,12.86,data/raw/0027/0296.txt,data/raw/0027/0296_pca_mesh.obj,False,0027,27.86315238192736
0297,02,12.86,data/raw/0017/0297.txt,data/raw/0017/0297_pca_mesh.obj,False,0017,17.725568907329905
0298,02,12.86,data/raw/0014/0298.txt,data/raw/0014/0298_pca_mesh.obj,False,0014,17.38871715628233
0299,02,12.86,data/raw/0022/0299.txt,data/raw/0022/0299_pca_mesh.obj,False,0022,18.220307318371912
0300,02,12.86,data/raw/0030/0300.txt,data/raw/0030/0300_pca_mesh.obj,False,0030,13.261041174604365
0301,02,15.12,data/raw/0003/0301.txt,data/raw/0003/0301_pca_mesh.obj,False,0003,15.816720369011668
0302,02,15.12,data/raw/0019/0302.txt,data/raw/0019/0302_pca_mesh.obj,False,0019,7.491819522884258
0303,02,15.12,data/raw/0013/0303.txt,data/raw/0013/0303_pca_mesh.obj,False,0013,25.01956146998616
0304,02,15.12,data/raw/0004/0304.txt,data/raw/0004/0304_pca_mesh.obj,False,0004,24.296829563459497
0305,02,15.12,data/raw/0018/0305.txt,data/raw/0018/0305_pca_mesh.obj,False,0018,17.81079979149792
0306,02,15.12,data/raw/0007/0306.txt,data/raw/0007/0306_pca_mesh.obj,False,0007,24.44135364578669
0307,02,15.12,data/raw/0030/0307.txt,data/raw/0030/0307_pca_mesh.obj,False,0030,20.168897458659334
0308,02,15.12,data/raw/0012/0308.txt,data/raw/0012/0308_pca_mesh.obj,False,0012,32.946288111814894
0309,02,15.12,data/raw/0019/0309.txt,data/raw/0019/0309_pca_mesh.obj,False,0019,35.57969651392617
0310,02,15.12,data/raw/0022/0310.txt,data/raw/0022/0310_pca_mesh.obj,False,0022,36.34925250928041
0311,02,15.12,data/raw/0023/0311.txt,data/raw/0023/0311_pca_mesh.obj,False,0023,36.991121574425364
0312,02,15.12,data/raw/0040/0312.txt,data/raw/0040/0312_pca_mesh.obj,False,0040,30.06263865493659
0313,02,15.12,data/raw/0014/0313.txt,data/raw/0014/0313_pca_mesh.obj,False,0014,25.48054878264772
0314,02,15.12,data/raw/0037/0314.txt,data/raw/0037/0314_pca_mesh.obj,False,0037,22.37217056600884
0315,02,15.12,data/raw/0034/0315.txt,data/raw/0034/0315_pca_mesh.obj,False,0034,21.514107431814573
0316,02,15.12,data/raw/0032/0316.txt,data/raw/0032/0316_pca_mesh.obj,False,0032,20.778714782365743
0317,02,15.12,data/raw/0027/0317.txt,data/raw/0027/0317_pca_mesh.obj,False,0027,12.182515637839739
0318,02,15.12,data/raw/0032/0318.txt,data/raw/0032/0318_pca_mesh.obj,False,0032,14.016443785685972
0319,02,15.12,data/raw/0039/0319.txt,data/raw/0039/0319_pca_mesh.obj,False,0039,15.471121739889297
0320,02,12.92,data/raw/0019/0320.txt,data/raw/0019/0320_pca_mesh.obj,False,0019,17.823449655568304
0321,02,12.92,data/raw/0015/0321.txt,data/raw/0015/0321_pca_mesh.obj,False,0015,3.3821095208847565
0322,02,12.92,data/raw/0024/0322.txt,data/raw/0024/0322_pca_mesh.obj,False,0024,10.4640304696272
0323,02,12.92,data/raw/0012/0323.txt,data/raw/0012/0323_pca_mesh.obj,False,0012,1.5415988687882631
0324,02,12.92,data/raw/0025/0324.txt,data/raw/0025/0324_pca_mesh.obj,False,0025,27.803757309081185
0325,02,12.92,data/raw/0005/0325.txt,data/raw/0005/0325_pca_mesh.obj,False,0005,24.333296783254266
0326,02,12.92,data/raw/0001/0326.txt,data/raw/0001/0326_pca_mesh.obj,False,0001,23.962714640581353
0327,02,12.92,data/raw/0036/0327.txt,data/raw/0036/0327_pca_mesh.obj,False,0036,29.39768675992204
0328,02,12.92,data/raw/0006/0328.txt,data/raw/0006/0328_pca_mesh.obj,False,0006,24.369991386793362
0329,02,12.92,data/raw/0002/0329.txt,data/raw/0002/0329_pca_mesh.obj,False,0002,30.70445222569936
0330,02,12.92,data/raw/0034/0330.txt,data/raw/0034/0330_pca_mesh.obj,False,0034,29.021136570790517
0331,02,12.92,data/raw/0037/0331.txt,data/raw/0037/0331_pca_mesh.obj,False,0037,29.7982062378184
0332,02,12.92,data/raw/0009/0332.txt,data/raw/0009/0332_pca_mesh.obj,False,0009,32.402978094609885
0333,02,12.92,data/raw/0012/0333.txt,data/raw/0012/0333_pca_mesh.obj,False,0012,24.9974997475932
0334,02,12.92,data/raw/0030/0334.txt,data/raw/0030/0334_pca_mesh.obj,False,0030,28.07327868622711
0335,02,12.92,data/raw/0016/0335.txt,data/raw/0016/0335_pca_mesh.obj,False,0016,25.792225044443924
0336,02,12.92,data/raw/0004/0336.txt,data/raw/0004/0336_pca_mesh.obj,False,0004,31.44171229038681
0337,02,12.92,data/raw/0015/0337.txt,data/raw/0015/0337_pca_mesh.obj,False,0015,17.629211349279338
0338,02,12.92,data/raw/0026/0338.txt,data/raw/0026/0338_pca_mesh.obj,False,0026,19.331173521509967
0339,02,12.92,data/raw/0008/0339.txt,data/raw/0008/0339_pca_mesh.obj,False,0008,16.684947223760354
0340,02,12.92,data/raw/0029/0340.txt,data/raw/0029/0340_pca_mesh.obj,False,0029,12.761334388980389
0341,02,12.92,data/raw/0022/0341.txt,data/raw/0022/0341_pca_mesh.obj,False,0022,9.187597651903992
0342,02,12.92,data/raw/0010/0342.txt,data/raw/0010/0342_pca_mesh.obj,False,0010,16.856293975752752
0343,01,12.65,data/raw/0031/0343.txt,data/raw/0031/0343_pca_mesh.obj,False,0031,61.73128310709796
0344,01,12.65,data/raw/0017/0344.txt,data/raw/0017/0344_pca_mesh.obj,False,0017,51.4379460883722
0345,01,12.65,data/raw/0029/0345.txt,data/raw/0029/0345_pca_mesh.obj,False,0029,61.4250077857629
0346,01,12.65,data/raw/0022/0346.txt,data/raw/0022/0346_pca_mesh.obj,False,0022,81.66788594457964
0347,01,12.65,data/raw/0008/0347.txt,data/raw/0008/0347_pca_mesh.obj,False,0008,72.0997669716887
0348,01,12.65,data/raw/0016/0348.txt,data/raw/0016/0348_pca_mesh.obj,False,0016,49.658319530347576
0349,01,12.65,data/raw/0038/0349.txt,data/raw/0038/0349_pca_mesh.obj,False,0038,65.55282641088515
0350,01,12.65,data/raw/0026/0350.txt,data/raw/0026/0350_pca_mesh.obj,False,0026,15.497818262919528
0351,01,12.65,data/raw/0031/0351.txt,data/raw/0031/0351_pca_mesh.obj,False,0031,1.523448824181159
0352,01,12.65,data/raw/0035/0352.txt,data/raw/0035/0352_pca_mesh.obj,False,0035,25.674006286063808
0353,01,12.65,data/raw/0019/0353.txt,data/raw/0019/0353_pca_mesh.obj,False,0019,7.718199481218347
0354,01,12.65,data/raw/0024/0354.txt,data/raw/0024/0354_pca_mesh.obj,False,0024,0.35647259026519684
0355,01,13.3,data/raw/0033/0355.txt,data/raw/0033/0355_pca_mesh.obj,False,0033,90.1714538100642
0356,01,13.3,data/raw/0007/0356.txt,data/raw/0007/0356_pca_mesh.obj,False,0007,38.95322663337069
0357,01,13.3,data/raw/0028/0357.txt,data/raw/0028/0357_pca_mesh.obj,False,0028,59.48132868351854
0358,01,13.3,data/raw/0031/0358.txt,data/raw/0031/0358_pca_mesh.obj,False,0031,89.45665854243471
0359,01,13.3,data/raw/0006/0359.txt,data/raw/0006/0359_pca_mesh.obj,False,0006,38.59602066618769
0360,01,13.3,data/raw/0001/0360.txt,data/raw/0001/0360_pca_mesh.obj,False,0001,98.80229815809422
0361,01,13.3,data/raw/0032/0361.txt,data/raw/0032/0361_pca_mesh.obj,False,0032,19.64108066941402
0362,01,13.3,data/raw/0002/0362.txt,data/raw/0002/0362_pca_mesh.obj,False,0002,98.92857791216898
0363,01,13.3,data/raw/0009/0363.txt,data/raw/0009/0363_pca_mesh.obj,False,0009,116.12224527946069
0364,01,13.3,data/raw/0027/0364.txt,data/raw/0027/0364_pca_mesh.obj,False,0027,85.49928642847792
0365,01,13.3,data/raw/0030/0365.txt,data/raw/0030/0365_pca_mesh.obj,False,0030,17.702200728660472
0366,01,13.3,data/raw/0002/0366.txt,data/raw/0002/0366_pca_mesh.obj,False,0002,67.90270069858921
0367,01,13.3,data/raw/0026/0367.txt,data/raw/0026/0367_pca_mesh.obj,False,0026,0.4992101930718804
0368,01,13.3,data/raw/0020/0368.txt,data/raw/0020/0368_pca_mesh.obj,False,0020,7.97151210362325
0369,01,13.3,data/raw/0032/0369.txt,data/raw/0032/0369_pca_mesh.obj,False,0032,1.7779575894703854
0370,01,3.23,data/raw/0018/0370.txt,data/raw/0018/0370_pca_mesh.obj,False,0018,7.5943235325683505
0371,01,3.23,data/raw/0013/0371.txt,data/raw/0013/0371_pca_mesh.obj,False,0013,6.4932168580914
0372,01,3.23,data/raw/0005/0372.txt,data/raw/0005/0372_pca_mesh.obj,False,0005,3.644720081863225
0373,01,3.23,data/raw/0037/0373.txt,data/raw/0037/0373_pca_mesh.obj,False,0037,2.15581476088667
0374,01,3.23,data/raw/0014/0374.txt,data/raw/0014/0374_pca_mesh.obj,False,0014,6.6025179337155215
0375,01,3.23,data/raw/0007/0375.txt,data/raw/0007/0375_pca_mesh.obj,False,0007,4.709521175191833
0376,01,3.23,data/raw/0008/0376.txt,data/raw/0008/0376_pca_mesh.obj,False,0008,5.107961256474783
0377,01,3.23,data/raw/0040/0377.txt,data/raw/0040/0377_pca_mesh.obj,False,0040,2.5509488886371328
0378,01,3.23,data/raw/0017/0378.txt,data/raw/0017/0378_pca_mesh.obj,False,0017,7.456910493417068
0379,01,3.23,data/raw/0016/0379.txt,data/raw/0016/0379_pca_mesh.obj,False,0016,7.32085153981373
0380,01,3.23,data/raw/0001/0380.txt,data/raw/0001/0380_pca_mesh.obj,False,0001,2.5644584156536796
0381,01,3.23,data/raw/0003/0381.txt,data/raw/0003/0381_pca_mesh.obj,False,0003,3.3450835461431416
0382,01,3.23,data/raw/0015/0382.txt,data/raw/0015/0382_pca_mesh.obj,False,0015,6.874977650274554
0383,01,3.23,data/raw/0011/0383.txt,data/raw/0011/0383_pca_mesh.obj,False,0011,5.908796043083249
0384,01,3.23,data/raw/0010/0384.txt,data/raw/0010/0384_pca_mesh.obj,False,0010,5.562591610055302
0385,01,3.23,data/raw/0002/0385.txt,data/raw/0002/0385_pca_mesh.obj,False,0002,2.889896053007729
0386,01,3.23,data/raw/0038/0386.txt,data/raw/0038/0386_pca_mesh.obj,False,0038,2.1588307836723133
0387,01,3.23,data/raw/0039/0387.txt,data/raw/0039/0387_pca_mesh.obj,False,0039,2.1720642493106004
0388,01,3.23,data/raw/0033/0388.txt,data/raw/0033/0388_pca_mesh.obj,False,0033,1.8359061780499215
0389,01,3.23,data/raw/0036/0389.txt,data/raw/0036/0389_pca_mesh.obj,False,0036,2.0963985586499914
0390,01,3.23,data/raw/0030/0390.txt,data/raw/0030/0390_pca_mesh.obj,False,0030,1.2121934857343557
0391,01,3.23,data/raw/0022/0391.txt,data/raw/0022/0391_pca_mesh.obj,False,0022,0.3176749265203614
0392,01,14.76,data/raw/0009/0392.txt,data/raw/0009/0392_pca_mesh.obj,False,0009,73.97362112967903
0393,01,14.76,data/raw/0040/0393.txt,data/raw/0040/0393_pca_mesh.obj,False,0040,97.29146557959812
0394,01,14.76,data/raw/0010/0394.txt,data/raw/0010/0394_pca_mesh.obj,False,0010,74.34093400179688
0395,01,14.76,data/raw/0014/0395.txt,data/raw/0014/0395_pca_mesh.obj,False,0014,45.60375976083652
0396,01,14.76,data/raw/0029/0396.txt,data/raw/0029/0396_pca_mesh.obj,False,0029,86.89616301805873
0397,01,14.76,data/raw/0013/0397.txt,data/raw/0013/0397_pca_mesh.obj,False,0013,76.11257324241214
0398,01,14.76,data/raw/0040/0398.txt,data/raw/0040/0398_pca_mesh.obj,False,0040,67.28987766360376
0399,01,14.76,data/raw/0021/0399.txt,data/raw/0021/0399_pca_mesh.obj,False,0021,54.166536863855605
0400,01,14.76,data/raw/0036/0400.txt,data/raw/0036/0400_pca_mesh.obj,False,0036,93.62552629404263
0401,01,14.76,data/raw/0032/0401.txt,data/raw/0032/0401_pca_mesh.obj,False,0032,89.63871190388906
0402,01,14.76,data/raw/0033/0402.txt,data/raw/0033/0402_pca_mesh.obj,False,0033,20.167595668497423
0403,01,14.76,data/raw/0029/0403.txt,data/raw/0029/0403_pca_mesh.obj,False,0029,17.497593204928787
0404,01,14.76,data/raw/0004/0404.txt,data/raw/0004/0404_pca_mesh.obj,False,0004,37.16781593130944
0405,01,14.76,data/raw/0025/0405.txt,data/raw/0025/0405_pca_mesh.obj,False,0025,13.064274665874343
0406,01,14.76,data/raw/0024/0406.txt,data/raw/0024/0406_pca_mesh.obj,False,0024,12.666711153478708
0407,01,14.76,data/raw/0012/0407.txt,data/raw/0012/0407_pca_mesh.obj,False,0012,6.223596904987413
0408,01,14.76,data/raw/0027/0408.txt,data/raw/0027/0408_pca_mesh.obj,False,0027,0.8781300047595252
0409,02,12.86,data/raw/0005/0409.txt,data/raw/0005/0409_pca_mesh.obj,False,0005,57.83268747125194
0410,02,12.86,data/raw/0039/0410.txt,data/raw/0039/0410_pca_mesh.obj,False,0039,42.76189390340887
0411,02,12.86,data/raw/0031/0411.txt,data/raw/0031/0411_pca_mesh.obj,False,0031,40.13765216492154
0412,02,12.86,data/raw/0037/0412.txt,data/raw/0037/0412_pca_mesh.obj,False,0037,14.982650574990403
0413,02,12.86,data/raw/0023/0413.txt,data/raw/0023/0413_pca_mesh.obj,False,0023,18.316144984455253
0414,02,12.86,data/raw/0027/0414.txt,data/raw/0027/0414_pca_mesh.obj,False,0027,51.24444094167616
0415,02,12.86,data/raw/0010/0415.txt,data/raw/0010/0415_pca_mesh.obj,False,0010,61.29890910998953
0416,02,12.86,data/raw/0009/0416.txt,data/raw/0009/0416_pca_mesh.obj,False,0009,45.697834507941444
0417,02,12.86,data/raw/0033/0417.txt,data/raw/0033/0417_pca_mesh.obj,False,0033,40.500408198778786
0418,02,12.86,data/raw/0034/0418.txt,data/raw/0034/0418_pca_mesh.obj,False,0034,41.90877140789087
0419,02,12.86,data/raw/0019/0419.txt,data/raw/0019/0419_pca_mesh.obj,False,0019,49.46462187867863
0420,02,12.86,data/raw/0038/0420.txt,data/raw/0038/0420_pca_mesh.obj,False,0038,42.700761300924114
0421,02,12.86,data/raw/0030/0421.txt,data/raw/0030/0421_pca_mesh.obj,False,0030,39.257055076492875
0422,02,12.86,data/raw/0036/0422.txt,data/raw/0036/0422_pca_mesh.obj,False,0036,54.24521344657911
0423,02,12.86,data/raw/0037/0423.txt,data/raw/0037/0423_pca_mesh.obj,False,0037,54.31843820987922
0424,02,12.86,data/raw/0038/0424.txt,data/raw/0038/0424_pca_mesh.obj,False,0038,54.706799917339815
0425,02,12.86,data/raw/0020/0425.txt,data/raw/0020/0425_pca_mesh.obj,False,0020,49.47127159690028
0426,02,12.86,data/raw/0021/0426.txt,data/raw/0021/0426_pca_mesh.obj,False,0021,27.34989137258721
0427,02,12.86,data/raw/0003/0427.txt,data/raw/0003/0427_pca_mesh.obj,False,0003,43.768281298913045
0428,02,12.86,data/raw/0010/0428.txt,data/raw/0010/0428_pca_mesh.obj,False,0010,32.56422644943299
0429,02,12.86,data/raw/0007/0429.txt,data/raw/0007/0429_pca_mesh.obj,False,0007,44.733679298014756
0430,02,12.86,data/raw/0018/0430.txt,data/raw/0018/0430_pca_mesh.obj,False,0018,34.648760897531794
0431,02,12.86,data/raw/0005/0431.txt,data/raw/0005/0431_pca_mesh.obj,False,0005,16.28881142031898
0432,02,12.86,data/raw/0038/0432.txt,data/raw/0038/0432_pca_mesh.obj,False,0038,29.90648107597037
0433,02,12.86,data/raw/0003/0433.txt,data/raw/0003/0433_pca_mesh.obj,False,0003,31.18828325506706
0434,02,12.86,data/raw/0002/0434.txt,data/raw/0002/0434_pca_mesh.obj,False,0002,15.793036616267646
0435,02,12.86,data/raw/0024/0435.txt,data/raw/0024/0435_pca_mesh.obj,False,0024,37.19124114334102
0436,02,12.86,data/raw/0034/0436.txt,data/raw/0034/0436_pca_mesh.obj,False,0034,14.727887819676566
0437,02,12.86,data/raw/0020/0437.txt,data/raw/0020/0437_pca_mesh.obj,False,0020,17.960274260290795
0438,02,12.86,data/raw/0033/0438.txt,data/raw/0033/0438_pca_mesh.obj,False,0033,14.524335082192728
0439,02,12.88,data/raw/0016/0439.txt,data/raw/0016/0439_pca_mesh.obj,False,0016,33.74814557296986
0440,02,12.88,data/raw/0013/0440.txt,data/raw/0013/0440_pca_mesh.obj,False,0013,17.28441773373268
0441,02,12.88,data/raw/0009/0441.txt,data/raw/0009/0441_pca_mesh.obj,False,0009,16.75686391013891
0442,02,12.88,data/raw/0007/0442.txt,data/raw/0007/0442_pca_mesh.obj,False,0007,58.82408226909376
0443,02,12.88,data/raw/0011/0443.txt,data/raw/0011/0443_pca_mesh.obj,False,0011,32.789486796206205
0444,02,12.88,data/raw/0024/0444.txt,data/raw/0024/0444_pca_mesh.obj,False,0024,50.94413321991772
0445,02,12.88,data/raw/0010/0445.txt,data/raw/0010/0445_pca_mesh.obj,False,0010,24.733954371070325
0446,02,12.88,data/raw/0023/0446.txt,data/raw/0023/0446_pca_mesh.obj,False,0023,27.53180819794316
0447,02,12.88,data/raw/0027/0447.txt,data/raw/0027/0447_pca_mesh.obj,False,0027,19.4723828473759
0448,02,12.88,data/raw/0032/0448.txt,data/raw/0032/0448_pca_mesh.obj,False,0032,28.471007094067563
0449,02,12.88,data/raw/0020/0449.txt,data/raw/0020/0449_pca_mesh.obj,False,0020,26.811005204432284
0450,02,12.88,data/raw/0005/0450.txt,data/raw/0005/0450_pca_mesh.obj,False,0005,31.56167923150963
0451,02,12.88,data/raw/0002/0451.txt,data/raw/0002/0451_pca_mesh.obj,False,0002,24.135119670601952
0452,02,12.88,data/raw/0024/0452.txt,data/raw/0024/0452_pca_mesh.obj,False,0024,27.640809251481404
0453,02,12.88,data/raw/0020/0453.txt,data/raw/0020/0453_pca_mesh.obj,False,0020,35.889863385925445
0454,02,12.88,data/raw/0015/0454.txt,data/raw/0015/0454_pca_mesh.obj,False,0015,33.269738287148954
0455,02,12.88,data/raw/0021/0455.txt,data/raw/0021/0455_pca_mesh.obj,False,0021,18.05247015651209
0456,02,12.88,data/raw/0025/0456.txt,data/raw/0025/0456_pca_mesh.obj,False,0025,11.02940949644763
0457,02,12.88,data/raw/0004/0457.txt,data/raw/0004/0457_pca_mesh.obj,False,0004,16.152131943050207
0458,02,12.88,data/raw/0036/0458.txt,data/raw/0036/0458_pca_mesh.obj,False,0036,14.83291706081912
0459,02,12.88,data/raw/0020/0459.txt,data/raw/0020/0459_pca_mesh.obj,False,0020,9.04470161375046
0460,02,12.92,data/raw/0035/0460.txt,data/raw/0035/0460_pca_mesh.obj,False,0035,29.12348749266808
0461,02,12.92,data/raw/0028/0461.txt,data/raw/0028/0461_pca_mesh.obj,False,0028,19.72182193699338
0462,02,12.92,data/raw/0040/0462.txt,data/raw/0040/0462_pca_mesh.obj,False,0040,42.820989525771886
0463,02,12.92,data/raw/0018/0463.txt,data/raw/0018/0463_pca_mesh.obj,False,0018,7.3909638625741945
0464,02,12.92,data/raw/0010/0464.txt,data/raw/0010/0464_pca_mesh.obj,False,0010,46.841342534558144
0465,02,12.92,data/raw/0032/0465.txt,data/raw/0032/0465_pca_mesh.obj,False,0032,40.224102145959506
0466,02,12.92,data/raw/0022/0466.txt,data/raw/0022/0466_pca_mesh.obj,False,0022,27.511470089306044
0467,02,12.92,data/raw/0025/0467.txt,data/raw/0025/0467_pca_mesh.obj,False,0025,37.21323485217058
0468,02,12.92,data/raw/0026/0468.txt,data/raw/0026/0468_pca_mesh.obj,False,0026,38.17678154201271
0469,02,12.92,data/raw/0014/0469.txt,data/raw/0014/0469_pca_mesh.obj,False,0014,33.10158643319376
0470,02,12.92,data/raw/0009/0470.txt,data/raw/0009/0470_pca_mesh.obj,False,0009,24.500126612761978
0471,02,12.92,data/raw/0007/0471.txt,data/raw/0007/0471_pca_mesh.obj,False,0007,31.616793823048347
0472,02,12.92,data/raw/0018/0472.txt,data/raw/0018/0472_pca_mesh.obj,False,0018,26.28998402098889
0473,02,12.92,data/raw/0026/0473.txt,data/raw/0026/0473_pca_mesh.obj,False,0026,27.81072272856444
0474,02,12.92,data/raw/0039/0474.txt,data/raw/0039/0474_pca_mesh.obj,False,0039,29.908379121862904
0475,02,12.92,data/raw/0017/0475.txt,data/raw/0017/0475_pca_mesh.obj,False,0017,26.17505339378419
0476,02,12.92,data/raw/0038/0476.txt,data/raw/0038/0476_pca_mesh.obj,False,0038,22.552697612284298
0477,02,12.92,data/raw/0033/0477.txt,data/raw/0033/0477_pca_mesh.obj,False,0033,20.841362421108695
0478,02,12.92,data/raw/0035/0478.txt,data/raw/0035/0478_pca_mesh.obj,False,0035,21.637636613951763
0479,02,12.92,data/raw/0029/0479.txt,data/raw/0029/0479_pca_mesh.obj,False,0029,27.9716037184917
0480,02,12.92,data/raw/0017/0480.txt,data/raw/0017/0480_pca_mesh.obj,False,0017,34.33713291689707
0481,02,12.92,data/raw/0024/0481.txt,data/raw/0024/0481_pca_mesh.obj,False,0024,18.97844477701155
0482,02,12.92,data/raw/0031/0482.txt,data/raw/0031/0482_pca_mesh.obj,False,0031,13.651663570542173
0483,02,12.92,data/raw/0025/0483.txt,data/raw/0025/0483_pca_mesh.obj,False,0025,19.177723721794347
0484,01,11.79,data/raw/0015/0484.txt,data/raw/0015/0484_pca_mesh.obj,False,0015,76.82625817874312
0485,01,11.79,data/raw/0021/0485.txt,data/raw/0021/0485_pca_mesh.obj,False,0021,9.62292654228773
0486,01,11.79,data/raw/0019/0486.txt,data/raw/0019/0486_pca_mesh.obj,False,0019,52.32801048684211
0487,01,11.79,data/raw/0023/0487.txt,data/raw/0023/0487_pca_mesh.obj,False,0023,56.497060618801285
0488,01,11.79,data/raw/0032/0488.txt,data/raw/0032/0488_pca_mesh.obj,False,0032,62.20010609776884
0489,01,11.79,data/raw/0035/0489.txt,data/raw/0035/0489_pca_mesh.obj,False,0035,92.14360176637007
0490,01,11.79,data/raw/0025/0490.txt,data/raw/0025/0490_pca_mesh.obj,False,0025,57.33647831667119
0491,01,11.79,data/raw/0034/0491.txt,data/raw/0034/0491_pca_mesh.obj,False,0034,21.646170327695636
0492,01,11.79,data/raw/0037/0492.txt,data/raw/0037/0492_pca_mesh.obj,False,0037,94.94942992219812
0493,01,11.79,data/raw/0039/0493.txt,data/raw/0039/0493_pca_mesh.obj,False,0039,96.48458330439229
0494,01,11.79,data/raw/0030/0494.txt,data/raw/0030/0494_pca_mesh.obj,False,0030,61.48166345390549
0495,01,11.79,data/raw/0022/0495.txt,data/raw/0022/0495_pca_mesh.obj,False,0022,55.09332083000161
0496,01,11.79,data/raw/0035/0496.txt,data/raw/0035/0496_pca_mesh.obj,False,0035,2.046883021336207
0497,01,11.23,data/raw/0019/0497.txt,data/raw/0019/0497_pca_mesh.obj,False,0019,79.04308511764985
0498,01,11.23,data/raw/0011/0498.txt,data/raw/0011/0498_pca_mesh.obj,False,0011,74.59261235352088
0499,01,11.23,data/raw/0016/0499.txt,data/raw/0016/0499_pca_mesh.obj,False,0016,77.36426548117687
0500,01,11.23,data/raw/0023/0500.txt,data/raw/0023/0500_pca_mesh.obj,False,0023,83.16759687895569
0501,01,11.23,data/raw/0012/0501.txt,data/raw/0012/0501_pca_mesh.obj,False,0012,42.73376403184709
0502,01,11.23,data/raw/0001/0502.txt,data/raw/0001/0502_pca_mesh.obj,False,0001,67.29191856001526
0503,01,11.23,data/raw/0003/0503.txt,data/raw/0003/0503_pca_mesh.obj,False,0003,99.45941729048701
0504,01,11.23,data/raw/0008/0504.txt,data/raw/0008/0504_pca_mesh.obj,False,0008,108.48488410412138
0505,01,11.23,data/raw/0018/0505.txt,data/raw/0018/0505_pca_mesh.obj,False,0018,51.49265847180447
0506,01,11.23,data/raw/0039/0506.txt,data/raw/0039/0506_pca_mesh.obj,False,0039,29.165760195410925
0507,01,11.23,data/raw/0036/0507.txt,data/raw/0036/0507_pca_mesh.obj,False,0036,26.24524468093645
0508,01,11.23,data/raw/0023/0508.txt,data/raw/0023/0508_pca_mesh.obj,False,0023,12.351702239150704
0509,01,11.23,data/raw/0021/0509.txt,data/raw/0021/0509_pca_mesh.obj,False,0021,0.17884206442930733
0510,01,11.23,data/raw/0023/0510.txt,data/raw/0023/0510_pca_mesh.obj,False,0023,0.34386953822023736
0511,02,19.37,data/raw/0003/0511.txt,data/raw/0003/0511_pca_mesh.obj,False,0003,24.214098253074294
0512,02,19.37,data/raw/0008/0512.txt,data/raw/0008/0512_pca_mesh.obj,False,0008,59.671078912108904
0513,02,19.37,data/raw/0034/0513.txt,data/raw/0034/0513_pca_mesh.obj,False,0034,53.81875135846651
0514,02,19.37,data/raw/0019/0514.txt,data/raw/0019/0514_pca_mesh.obj,False,0019,68.33754942686912
0515,02,19.37,data/raw/0023/0515.txt,data/raw/0023/0515_pca_mesh.obj,False,0023,81.18065370794255
0516,02,19.37,data/raw/0002/0516.txt,data/raw/0002/0516_pca_mesh.obj,False,0002,56.37278189066803
0517,02,19.37,data/raw/0011/0517.txt,data/raw/0011/0517_pca_mesh.obj,False,0011,47.19945152150192
0518,02,19.37,data/raw/0020/0518.txt,data/raw/0020/0518_pca_mesh.obj,False,0020,68.40501296135821
0519,02,19.37,data/raw/0006/0519.txt,data/raw/0006/0519_pca_mesh.obj,False,0006,58.25260903618511
0520,02,19.37,data/raw/0004/0520.txt,data/raw/0004/0520_pca_mesh.obj,False,0004,43.7916443738736
0521,02,19.37,data/raw/0039/0521.txt,data/raw/0039/0521_pca_mesh.obj,False,0039,55.770398258549655
0522,02,19.37,data/raw/0015/0522.txt,data/raw/0015/0522_pca_mesh.obj,False,0015,63.26855612153163
0523,02,19.37,data/raw/0011/0523.txt,data/raw/0011/0523_pca_mesh.obj,False,0011,61.67768914300085
0524,02,19.37,data/raw/0016/0524.txt,data/raw/0016/0524_pca_mesh.obj,False,0016,48.95809204719481
0525,02,19.37,data/raw/0006/0525.txt,data/raw/0006/0525_pca_mesh.obj,False,0006,44.13717328687008
0526,02,19.37,data/raw/0036/0526.txt,data/raw/0036/0526_pca_mesh.obj,False,0036,42.15664193997148
0527,02,19.37,data/raw/0004/0527.txt,data/raw/0004/0527_pca_mesh.obj,False,0004,57.6902450730825
0528,02,19.37,data/raw/0005/0528.txt,data/raw/0005/0528_pca_mesh.obj,False,0005,43.82165877324998
0529,02,19.37,data/raw/0001/0529.txt,data/raw/0001/0529_pca_mesh.obj,False,0001,42.98961832267341
0530,02,19.37,data/raw/0003/0530.txt,data/raw/0003/0530_pca_mesh.obj,False,0003,57.51396277776646
0531,02,19.37,data/raw/0026/0531.txt,data/raw/0026/0531_pca_mesh.obj,False,0026,51.16587209553221
0532,02,19.37,data/raw/0013/0532.txt,data/raw/0013/0532_pca_mesh.obj,False,0013,62.53090722149877
0533,02,19.37,data/raw/0031/0533.txt,data/raw/0031/0533_pca_mesh.obj,False,0031,28.32935264307332
0534,02,19.37,data/raw/0035/0534.txt,data/raw/0035/0534_pca_mesh.obj,False,0035,54.02352626796927
0535,02,19.37,data/raw/0021/0535.txt,data/raw/0021/0535_pca_mesh.obj,False,0021,36.004230694086914
0536,02,19.37,data/raw/0008/0536.txt,data/raw/0008/0536_pca_mesh.obj,False,0008,45.10129057470358
0537,02,19.37,data/raw/0028/0537.txt,data/raw/0028/0537_pca_mesh.obj,False,0028,38.40098071487825
0538,02,19.37,data/raw/0033/0538.txt,data/raw/0033/0538_pca_mesh.obj,False,0033,28.94125312086942
0539,02,19.37,data/raw/0038/0539.txt,data/raw/0038/0539_pca_mesh.obj,False,0038,15.191410702846532
0540,02,19.37,data/raw/0029/0540.txt,data/raw/0029/0540_pca_mesh.obj,False,0029,19.8062883460069
0541,02,19.37,data/raw/0001/0541.txt,data/raw/0001/0541_pca_mesh.obj,False,0001,15.763926965588215
0542,02,19.37,data/raw/0006/0542.txt,data/raw/0006/0542_pca_mesh.obj,False,0006,16.561223046288102
0543,02,19.37,data/raw/0007/0543.txt,data/raw/0007/0543_pca_mesh.obj,False,0007,16.649555997586077
0544,02,19.37,data/raw/0018/0544.txt,data/raw/0018/0544_pca_mesh.obj,False,0018,49.32535552181462
0545,02,19.37,data/raw/0006/0545.txt,data/raw/0006/0545_pca_mesh.obj,False,0006,31.610742356474304
0546,02,19.37,data/raw/0011/0546.txt,data/raw/0011/0546_pca_mesh.obj,False,0011,17.056526186747025
0547,02,14.69,data/raw/0012/0547.txt,data/raw/0012/0547_pca_mesh.obj,False,0012,61.97190631398335
0548,02,14.69,data/raw/0008/0548.txt,data/raw/0008/0548_pca_mesh.obj,False,0008,32.28409387053016
0549,02,14.69,data/raw/0024/0549.txt,data/raw/0024/0549_pca_mesh.obj,False,0024,93.88112877510936
0550,02,14.69,data/raw/0027/0550.txt,data/raw/0027/0550_pca_mesh.obj,False,0027,38.32123597405133
0551,02,14.69,data/raw/0025/0551.txt,data/raw/0025/0551_pca_mesh.obj,False,0025,51.15743637057412
0552,02,14.69,data/raw/0035/0552.txt,data/raw/0035/0552_pca_mesh.obj,False,0035,42.00280041129142
0553,02,14.69,data/raw/0029/0553.txt,data/raw/0029/0553_pca_mesh.obj,False,0029,39.15650015278836
0554,02,14.69,data/raw/0033/0554.txt,data/raw/0033/0554_pca_mesh.obj,False,0033,53.67699004973624
0555,02,14.69,data/raw/0009/0555.txt,data/raw/0009/0555_pca_mesh.obj,False,0009,60.32810924764569
0556,02,14.69,data/raw/0016/0556.txt,data/raw/0016/0556_pca_mesh.obj,False,0016,64.79485709519837
0557,02,14.69,data/raw/0026/0557.txt,data/raw/0026/0557_pca_mesh.obj,False,0026,145.2226362375486
0558,02,14.69,data/raw/0040/0558.txt,data/raw/0040/0558_pca_mesh.obj,False,0040,55.7819083555351
0559,02,14.69,data/raw/0018/0559.txt,data/raw/0018/0559_pca_mesh.obj,False,0018,67.41798237848184
0560,02,14.69,data/raw/0029/0560.txt,data/raw/0029/0560_pca_mesh.obj,False,0029,52.86986143828963
0561,02,14.69,data/raw/0031/0561.txt,data/raw/0031/0561_pca_mesh.obj,False,0031,53.53482841564254
0562,02,14.69,data/raw/0032/0562.txt,data/raw/0032/0562_pca_mesh.obj,False,0032,53.64788764161485
0563,02,14.69,data/raw/0021/0563.txt,data/raw/0021/0563_pca_mesh.obj,False,0021,49.52424850604749
0564,02,14.69,data/raw/0014/0564.txt,data/raw/0014/0564_pca_mesh.obj,False,0014,47.69650585396435
0565,02,14.69,data/raw/0015/0565.txt,data/raw/0015/0565_pca_mesh.obj,False,0015,48.10158837913213
0566,02,14.69,data/raw/0023/0566.txt,data/raw/0023/0566_pca_mesh.obj,False,0023,50.93432837808048
0567,02,14.69,data/raw/0022/0567.txt,data/raw/0022/0567_pca_mesh.obj,False,0022,50.90319232814257
0568,02,14.69,data/raw/0037/0568.txt,data/raw/0037/0568_pca_mesh.obj,False,0037,42.29249201219171
0569,02,14.69,data/raw/0040/0569.txt,data/raw/0040/0569_pca_mesh.obj,False,0040,23.02261490967493
0570,02,14.69,data/raw/0008/0570.txt,data/raw/0008/0570_pca_mesh.obj,False,0008,24.469775373991578
0571,02,14.69,data/raw/0002/0571.txt,data/raw/0002/0571_pca_mesh.obj,False,0002,43.6959415449176
0572,02,14.69,data/raw/0025/0572.txt,data/raw/0025/0572_pca_mesh.obj,False,0025,96.54886832811697
0573,01,12.1,data/raw/0015/0573.txt,data/raw/0015/0573_pca_mesh.obj,False,0015,48.132124466868895
0574,01,12.1,data/raw/0018/0574.txt,data/raw/0018/0574_pca_mesh.obj,False,0018,78.45263194888007
0575,01,12.1,data/raw/0033/0575.txt,data/raw/0033/0575_pca_mesh.obj,False,0033,63.24642138534517
0576,01,12.1,data/raw/0005/0576.txt,data/raw/0005/0576_pca_mesh.obj,False,0005,69.8408244282263
0577,01,12.1,data/raw/0014/0577.txt,data/raw/0014/0577_pca_mesh.obj,False,0014,76.62315522586496
0578,01,12.1,data/raw/0034/0578.txt,data/raw/0034/0578_pca_mesh.obj,False,0034,91.45595562546164
0579,01,12.1,data/raw/0020/0579.txt,data/raw/0020/0579_pca_mesh.obj,False,0020,79.86074847042455
0580,01,12.1,data/raw/0001/0580.txt,data/raw/0001/0580_pca_mesh.obj,False,0001,36.28444537164171
0581,01,12.1,data/raw/0017/0581.txt,data/raw/0017/0581_pca_mesh.obj,False,0017,77.52533175943157
0582,01,12.1,data/raw/0007/0582.txt,data/raw/0007/0582_pca_mesh.obj,False,0007,72.04525550298509
0583,01,12.1,data/raw/0026/0583.txt,data/raw/0026/0583_pca_mesh.obj,False,0026,57.52139629551512
0584,01,12.1,data/raw/0004/0584.txt,data/raw/0004/0584_pca_mesh.obj,False,0004,3.592100923002096
0585,01,12.1,data/raw/0037/0585.txt,data/raw/0037/0585_pca_mesh.obj,False,0037,26.331309546377394
0586,01,12.1,data/raw/0027/0586.txt,data/raw/0027/0586_pca_mesh.obj,False,0027,58.15522373400556
0587,01,12.1,data/raw/0011/0587.txt,data/raw/0011/0587_pca_mesh.obj,False,0011,42.64056186699009
0588,01,12.1,data/raw/0022/0588.txt,data/raw/0022/0588_pca_mesh.obj,False,0022,9.926449314890881
0589,01,12.1,data/raw/0025/0589.txt,data/raw/0025/0589_pca_mesh.obj,False,0025,0.4538532152379405
0590,01,12.16,data/raw/0007/0590.txt,data/raw/0007/0590_pca_mesh.obj,False,0007,105.31906545618207
0591,01,12.16,data/raw/0031/0591.txt,data/raw/0031/0591_pca_mesh.obj,False,0031,18.71714474752486
0592,01,12.16,data/raw/0012/0592.txt,data/raw/0012/0592_pca_mesh.obj,False,0012,75.10449396721185
0593,01,12.16,data/raw/0005/0593.txt,data/raw/0005/0593_pca_mesh.obj,False,0005,102.42602298815738
0594,01,12.16,data/raw/0038/0594.txt,data/raw/0038/0594_pca_mesh.obj,False,0038,96.13543537082776
0595,01,12.16,data/raw/0021/0595.txt,data/raw/0021/0595_pca_mesh.obj,False,0021,80.45939678666946
0596,01,12.16,data/raw/0006/0596.txt,data/raw/0006/0596_pca_mesh.obj,False,0006,105.065336865137
0597,01,12.16,data/raw/0008/0597.txt,data/raw/0008/0597_pca_mesh.obj,False,0008,41.20590340938919
0598,01,12.16,data/raw/0030/0598.txt,data/raw/0030/0598_pca_mesh.obj,False,0030,88.23672630340032
0599,01,12.16,data/raw/0010/0599.txt,data/raw/0010/0599_pca_mesh.obj,False,0010,42.380608593044606
0600,01,12.16,data/raw/0004/0600.txt,data/raw/0004/0600_pca_mesh.obj,False,0004,69.74993457908579
0601,01,12.16,data/raw/0003/0601.txt,data/raw/0003/0601_pca_mesh.obj,False,0003,69.20811261569784
0602,01,12.16,data/raw/0028/0602.txt,data/raw/0028/0602_pca_mesh.obj,False,0028,86.57634754259082
0603,01,12.16,data/raw/0026/0603.txt,data/raw/0026/0603_pca_mesh.obj,False,0026,85.19307201021462
0604,01,12.16,data/raw/0039/0604.txt,data/raw/0039/0604_pca_mesh.obj,False,0039,66.75126957246069
0605,01,12.16,data/raw/0009/0605.txt,data/raw/0009/0605_pca_mesh.obj,False,0009,5.48969757784145
0606,01,12.16,data/raw/0034/0606.txt,data/raw/0034/0606_pca_mesh.obj,False,0034,1.9572897092348347
0607,04,12.55,data/raw/0034/0607.txt,data/raw/0034/0607_pca_mesh.obj,False,0034,88.56015748272885
0608,04,12.55,data/raw/0020/0608.txt,data/raw/0020/0608_pca_mesh.obj,False,0020,73.61920978886589
0609,04,12.55,data/raw/0028/0609.txt,data/raw/0028/0609_pca_mesh.obj,False,0028,81.49130442362613
0610,04,12.55,data/raw/0039/0610.txt,data/raw/0039/0610_pca_mesh.obj,False,0039,102.3020442451219
0611,04,12.55,data/raw/0030/0611.txt,data/raw/0030/0611_pca_mesh.obj,False,0030,31.79050584988797
0612,04,12.55,data/raw/0032/0612.txt,data/raw/0032/0612_pca_mesh.obj,False,0032,84.47551018864955
0613,04,12.55,data/raw/0023/0613.txt,data/raw/0023/0613_pca_mesh.obj,False,0023,76.02512555876677
0614,04,12.55,data/raw/0034/0614.txt,data/raw/0034/0614_pca_mesh.obj,False,0034,33.2932761380574
0615,04,12.55,data/raw/0020/0615.txt,data/raw/0020/0615_pca_mesh.obj,False,0020,56.98327432531423
0616,04,12.55,data/raw/0031/0616.txt,data/raw/0031/0616_pca_mesh.obj,False,0031,7.4156227575408415
0617,04,12.55,data/raw/0029/0617.txt,data/raw/0029/0617_pca_mesh.obj,False,0029,81.74588590567532
0618,04,12.55,data/raw/0016/0618.txt,data/raw/0016/0618_pca_mesh.obj,False,0016,22.7816252139948
0619,04,12.55,data/raw/0015/0619.txt,data/raw/0015/0619_pca_mesh.obj,False,0015,22.3543149530294
0620,04,12.55,data/raw/0024/0620.txt,data/raw/0024/0620_pca_mesh.obj,False,0024,1.6313663822905353
0621,04,12.55,data/raw/0006/0621.txt,data/raw/0006/0621_pca_mesh.obj,False,0006,16.249684037553838
0622,04,12.55,data/raw/0036/0622.txt,data/raw/0036/0622_pca_mesh.obj,False,0036,10.27270409894316
0623,04,13.75,data/raw/0036/0623.txt,data/raw/0036/0623_pca_mesh.obj,False,0036,92.86632454564734
0624,04,13.75,data/raw/0017/0624.txt,data/raw/0017/0624_pca_mesh.obj,False,0017,71.46548007527177
0625,04,13.75,data/raw/0027/0625.txt,data/raw/0027/0625_pca_mesh.obj,False,0027,4.288774143498465
0626,04,13.75,data/raw/0035/0626.txt,data/raw/0035/0626_pca_mesh.obj,False,0035,92.33862195894487
0627,04,13.75,data/raw/0038/0627.txt,data/raw/0038/0627_pca_mesh.obj,False,0038,98.61662302661966
0628,04,13.75,data/raw/0001/0628.txt,data/raw/0001/0628_pca_mesh.obj,False,0001,39.95597208904154
0629,04,13.75,data/raw/0033/0629.txt,data/raw/0033/0629_pca_mesh.obj,False,0033,86.41543133523614
0630,04,13.75,data/raw/0035/0630.txt,data/raw/0035/0630_pca_mesh.obj,False,0035,10.148968316592473
0631,04,13.75,data/raw/0009/0631.txt,data/raw/0009/0631_pca_mesh.obj,False,0009,68.64483380082633
0632,04,13.75,data/raw/0004/0632.txt,data/raw/0004/0632_pca_mesh.obj,False,0004,14.566436059018042
0633,04,13.75,data/raw/0007/0633.txt,data/raw/0007/0633_pca_mesh.obj,False,0007,17.09931533403207
0634,04,13.75,data/raw/0016/0634.txt,data/raw/0016/0634_pca_mesh.obj,False,0016,70.52546429436084
0635,04,13.75,data/raw/0039/0635.txt,data/raw/0039/0635_pca_mesh.obj,False,0039,11.003512648432835
0636,04,13.75,data/raw/0014/0636.txt,data/raw/0014/0636_pca_mesh.obj,False,0014,22.177994961609933
0637,04,13.75,data/raw/0011/0637.txt,data/raw/0011/0637_pca_mesh.obj,False,0011,51.766295268374684
0638,04,13.75,data/raw/0028/0638.txt,data/raw/0028/0638_pca_mesh.obj,False,0028,28.43437174671314
0639,04,13.75,data/raw/0019/0639.txt,data/raw/0019/0639_pca_mesh.obj,False,0019,1.175688564704756
0640,04,13.13,data/raw/0017/0640.txt,data/raw/0017/0640_pca_mesh.obj,False,0017,24.088340219114926
0641,04,13.13,data/raw/0018/0641.txt,data/raw/0018/0641_pca_mesh.obj,False,0018,56.31365100513579
0642,04,13.13,data/raw/0009/0642.txt,data/raw/0009/0642_pca_mesh.obj,False,0009,49.03307536794059
0643,04,13.13,data/raw/0040/0643.txt,data/raw/0040/0643_pca_mesh.obj,False,0040,12.116530002320903
0644,04,13.13,data/raw/0015/0644.txt,data/raw/0015/0644_pca_mesh.obj,False,0015,55.458628553018066
0645,04,13.13,data/raw/0025/0645.txt,data/raw/0025/0645_pca_mesh.obj,False,0025,26.37017351407419
0646,04,13.13,data/raw/0036/0646.txt,data/raw/0036/0646_pca_mesh.obj,False,0036,35.971935450412786
0647,04,13.13,data/raw/0038/0647.txt,data/raw/0038/0647_pca_mesh.obj,False,0038,10.64363477873446
0648,04,13.13,data/raw/0011/0648.txt,data/raw/0011/0648_pca_mesh.obj,False,0011,19.217168943350575
0649,04,13.13,data/raw/0025/0649.txt,data/raw/0025/0649_pca_mesh.obj,False,0025,58.15426836649567
0650,04,13.13,data/raw/0032/0650.txt,data/raw/0032/0650_pca_mesh.obj,False,0032,7.431997779139756
0651,04,13.13,data/raw/0020/0651.txt,data/raw/0020/0651_pca_mesh.obj,False,0020,1.2863495999587646
0652,04,13.3,data/raw/0008/0652.txt,data/raw/0008/0652_pca_mesh.obj,False,0008,46.59937322362578
0653,04,13.3,data/raw/0018/0653.txt,data/raw/0018/0653_pca_mesh.obj,False,0018,71.4974073469834
0654,04,13.3,data/raw/0015/0654.txt,data/raw/0015/0654_pca_mesh.obj,False,0015,70.48027180625542
0655,04,13.3,data/raw/0012/0655.txt,data/raw/0012/0655_pca_mesh.obj,False,0012,20.778351305689377
0656,04,13.3,data/raw/0033/0656.txt,data/raw/0033/0656_pca_mesh.obj,False,0033,62.87560150076977
0657,04,13.3,data/raw/0027/0657.txt,data/raw/0027/0657_pca_mesh.obj,False,0027,59.83895188370838
0658,04,13.3,data/raw/0003/0658.txt,data/raw/0003/0658_pca_mesh.obj,False,0003,41.10405073094997
0659,04,13.3,data/raw/0037/0659.txt,data/raw/0037/0659_pca_mesh.obj,False,0037,10.462435099492753
0660,04,13.3,data/raw/0026/0660.txt,data/raw/0026/0660_pca_mesh.obj,False,0026,59.68792225538137
0661,04,13.3,data/raw/0017/0661.txt,data/raw/0017/0661_pca_mesh.obj,False,0017,56.20739039365178
0662,04,13.3,data/raw/0039/0662.txt,data/raw/0039/0662_pca_mesh.obj,False,0039,39.10815771637106
0663,04,13.3,data/raw/0005/0663.txt,data/raw/0005/0663_pca_mesh.obj,False,0005,44.24116892799137
0664,04,13.3,data/raw/0022/0664.txt,data/raw/0022/0664_pca_mesh.obj,False,0022,57.329468203203405
0665,04,13.3,data/raw/0006/0665.txt,data/raw/0006/0665_pca_mesh.obj,False,0006,45.76620396273602
0666,04,13.3,data/raw/0022/0666.txt,data/raw/0022/0666_pca_mesh.obj,False,0022,25.524427333949227
0667,04,13.3,data/raw/0024/0667.txt,data/raw/0024/0667_pca_mesh.obj,False,0024,25.884645139399307
0668,04,13.3,data/raw/0031/0668.txt,data/raw/0031/0668_pca_mesh.obj,False,0031,61.184344297260516
0669,04,13.3,data/raw/0029/0669.txt,data/raw/0029/0669_pca_mesh.obj,False,0029,28.89952070451096
0670,04,13.3,data/raw/0028/0670.txt,data/raw/0028/0670_pca_mesh.obj,False,0028,5.368562887190134
0671,04,13.3,data/raw/0018/0671.txt,data/raw/0018/0671_pca_mesh.obj,False,0018,1.1093614216805496
0672,04,13.3,data/raw/0017/0672.txt,data/raw/0017/0672_pca_mesh.obj,False,0017,1.1024291414166376
0673,04,13.3,data/raw/0015/0673.txt,data/raw/0015/0673_pca_mesh.obj,False,0015,0.21954380936829773
0674,04,13.08,data/raw/0014/0674.txt,data/raw/0014/0674_pca_mesh.obj,False,0014,70.18319046076955
0675,04,13.08,data/raw/0037/0675.txt,data/raw/0037/0675_pca_mesh.obj,False,0037,94.8660232313443
0676,04,13.08,data/raw/0025/0676.txt,data/raw/0025/0676_pca_mesh.obj,False,0025,77.22039189951556
0677,04,13.08,data/raw/0021/0677.txt,data/raw/0021/0677_pca_mesh.obj,False,0021,57.202850288097
0678,04,13.08,data/raw/0040/0678.txt,data/raw/0040/0678_pca_mesh.obj,False,0040,65.18366672367443
0679,04,13.08,data/raw/0007/0679.txt,data/raw/0007/0679_pca_mesh.obj,False,0007,46.132955684558326
0680,04,13.08,data/raw/0026/0680.txt,data/raw/0026/0680_pca_mesh.obj,False,0026,79.26298797397604
0681,04,13.08,data/raw/0028/0681.txt,data/raw/0028/0681_pca_mesh.obj,False,0028,60.04916660083233
0682,04,13.08,data/raw/0026/0682.txt,data/raw/0026/0682_pca_mesh.obj,False,0026,26.412426681788208
0683,04,13.08,data/raw/0005/0683.txt,data/raw/0005/0683_pca_mesh.obj,False,0005,67.27826220451311
0684,04,13.08,data/raw/0036/0684.txt,data/raw/0036/0684_pca_mesh.obj,False,0036,64.31643597551717
0685,04,13.08,data/raw/0006/0685.txt,data/raw/0006/0685_pca_mesh.obj,False,0006,67.52722391258683
0686,04,13.08,data/raw/0013/0686.txt,data/raw/0013/0686_pca_mesh.obj,False,0013,22.147734454728287
0687,04,13.08,data/raw/0030/0687.txt,data/raw/0030/0687_pca_mesh.obj,False,0030,82.11846574820801
0688,04,13.08,data/raw/0013/0688.txt,data/raw/0013/0688_pca_mesh.obj,False,0013,70.0713688825706
0689,04,13.08,data/raw/0027/0689.txt,data/raw/0027/0689_pca_mesh.obj,False,0027,28.250762460599997
0690,04,13.08,data/raw/0005/0690.txt,data/raw/0005/0690_pca_mesh.obj,False,0005,16.21072222542932
0691,04,13.08,data/raw/0002/0691.txt,data/raw/0002/0691_pca_mesh.obj,False,0002,12.642394487149483
0692,04,13.08,data/raw/0026/0692.txt,data/raw/0026/0692_pca_mesh.obj,False,0026,3.791594226699404
0693,04,13.08,data/raw/0023/0693.txt,data/raw/0023/0693_pca_mesh.obj,False,0023,1.5971941826889016
0694,04,13.08,data/raw/0021/0694.txt,data/raw/0021/0694_pca_mesh.obj,False,0021,1.4424527597373278
0695,04,13.15,data/raw/0024/0695.txt,data/raw/0024/0695_pca_mesh.obj,False,0024,57.500440472561436
0696,04,13.15,data/raw/0001/0696.txt,data/raw/0001/0696_pca_mesh.obj,False,0001,65.53938572488346
0697,04,13.15,data/raw/0012/0697.txt,data/raw/0012/0697_pca_mesh.obj,False,0012,69.34013383473447
0698,04,13.15,data/raw/0012/0698.txt,data/raw/0012/0698_pca_mesh.obj,False,0012,53.64375528509112
0699,04,13.15,data/raw/0019/0699.txt,data/raw/0019/0699_pca_mesh.obj,False,0019,56.68605734540889
0700,04,13.15,data/raw/0021/0700.txt,data/raw/0021/0700_pca_mesh.obj,False,0021,73.64480809143879
0701,04,13.15,data/raw/0002/0701.txt,data/raw/0002/0701_pca_mesh.obj,False,0002,65.62262559610187
0702,04,13.15,data/raw/0030/0702.txt,data/raw/0030/0702_pca_mesh.obj,False,0030,60.47806014337583
0703,04,13.15,data/raw/0038/0703.txt,data/raw/0038/0703_pca_mesh.obj,False,0038,36.439496184518035
0704,04,13.15,data/raw/0002/0704.txt,data/raw/0002/0704_pca_mesh.obj,False,0002,40.652928524079506
0705,04,13.15,data/raw/0029/0705.txt,data/raw/0029/0705_pca_mesh.obj,False,0029,60.20924307636717
0706,04,13.15,data/raw/0032/0706.txt,data/raw/0032/0706_pca_mesh.obj,False,0032,61.643761214517504
0707,04,13.15,data/raw/0018/0707.txt,data/raw/0018/0707_pca_mesh.obj,False,0018,24.091647531517125
0708,04,13.15,data/raw/0023/0708.txt,data/raw/0023/0708_pca_mesh.obj,False,0023,25.572524613594627
0709,04,13.15,data/raw/0003/0709.txt,data/raw/0003/0709_pca_mesh.obj,False,0003,14.094579927638096
0710,04,13.15,data/raw/0010/0710.txt,data/raw/0010/0710_pca_mesh.obj,False,0010,18.889414689823642
0711,04,13.15,data/raw/0034/0711.txt,data/raw/0034/0711_pca_mesh.obj,False,0034,9.63309113290216
0712,04,13.15,data/raw/0030/0712.txt,data/raw/0030/0712_pca_mesh.obj,False,0030,7.00755776007935
0713,04,13.15,data/raw/0025/0713.txt,data/raw/0025/0713_pca_mesh.obj,False,0025,1.854962238411824
0714,04,13.15,data/raw/0016/0714.txt,data/raw/0016/0714_pca_mesh.obj,False,0016,0.6253523075483659
0715,04,11.4,data/raw/0008/0715.txt,data/raw/0008/0715_pca_mesh.obj,False,0008,17.184121080631655
0716,04,11.4,data/raw/0033/0716.txt,data/raw/0033/0716_pca_mesh.obj,False,0033,8.579444097954797
0717,04,11.4,data/raw/0022/0717.txt,data/raw/0022/0717_pca_mesh.obj,False,0022,1.5712575980783006
0718,04,11.4,data/raw/0013/0718.txt,data/raw/0013/0718_pca_mesh.obj,False,0013,54.62270284421977
0719,04,11.4,data/raw/0008/0719.txt,data/raw/0008/0719_pca_mesh.obj,False,0008,67.82486870760867
0720,04,11.4,data/raw/0035/0720.txt,data/raw/0035/0720_pca_mesh.obj,False,0035,64.16437352438403
0721,04,11.4,data/raw/0037/0721.txt,data/raw/0037/0721_pca_mesh.obj,False,0037,64.5454330584068
0722,04,11.4,data/raw/0031/0722.txt,data/raw/0031/0722_pca_mesh.obj,False,0031,32.70655297618949
0723,04,11.4,data/raw/0035/0723.txt,data/raw/0035/0723_pca_mesh.obj,False,0035,35.4111709784751
0724,04,11.4,data/raw/0032/0724.txt,data/raw/0032/0724_pca_mesh.obj,False,0032,32.72746149097951
0725,04,11.4,data/raw/0040/0725.txt,data/raw/0040/0725_pca_mesh.obj,False,0040,39.84122919929907
0726,04,11.4,data/raw/0033/0726.txt,data/raw/0033/0726_pca_mesh.obj,False,0033,32.73454710150129
0727,04,11.4,data/raw/0004/0727.txt,data/raw/0004/0727_pca_mesh.obj,False,0004,42.607587595011594
0728,04,11.4,data/raw/0037/0728.txt,data/raw/0037/0728_pca_mesh.obj,False,0037,36.06125392514868
0729,04,11.4,data/raw/0010/0729.txt,data/raw/0010/0729_pca_mesh.obj,False,0010,50.9734607414066
0730,04,11.4,data/raw/0019/0730.txt,data/raw/0019/0730_pca_mesh.obj,False,0019,24.445463035608245
0731,04,11.4,data/raw/0020/0731.txt,data/raw/0020/0731_pca_mesh.obj,False,0020,24.589243390711243
0732,04,11.4,data/raw/0001/0732.txt,data/raw/0001/0732_pca_mesh.obj,False,0001,12.263309061728577
0733,04,12.4,data/raw/0021/0733.txt,data/raw/0021/0733_pca_mesh.obj,False,0021,25.19203015059391
0734,04,12.4,data/raw/0009/0734.txt,data/raw/0009/0734_pca_mesh.obj,False,0009,18.464322784768452
0735,04,12.4,data/raw/0029/0735.txt,data/raw/0029/0735_pca_mesh.obj,False,0029,6.805757722645139
0736,04,12.4,data/raw/0023/0736.txt,data/raw/0023/0736_pca_mesh.obj,False,0023,57.48302950892959
0737,04,12.4,data/raw/0039/0737.txt,data/raw/0039/0737_pca_mesh.obj,False,0039,64.78118155112496
0738,04,12.4,data/raw/0016/0738.txt,data/raw/0016/0738_pca_mesh.obj,False,0016,55.92468032860698
0739,04,12.4,data/raw/0027/0739.txt,data/raw/0027/0739_pca_mesh.obj,False,0027,80.00544526510788
0740,04,12.4,data/raw/0019/0740.txt,data/raw/0019/0740_pca_mesh.obj,False,0019,72.01660757628453
0741,04,12.4,data/raw/0038/0741.txt,data/raw/0038/0741_pca_mesh.obj,False,0038,64.65153265713815
0742,04,12.4,data/raw/0034/0742.txt,data/raw/0034/0742_pca_mesh.obj,False,0034,64.09057848892367
0743,04,12.4,data/raw/0007/0743.txt,data/raw/0007/0743_pca_mesh.obj,False,0007,67.55133241326759
0744,04,12.4,data/raw/0014/0744.txt,data/raw/0014/0744_pca_mesh.obj,False,0014,54.66947774237362
0745,04,12.4,data/raw/0022/0745.txt,data/raw/0022/0745_pca_mesh.obj,False,0022,73.76499618727215
0746,04,12.4,data/raw/0003/0746.txt,data/raw/0003/0746_pca_mesh.obj,False,0003,66.10393756682151
0747,04,12.4,data/raw/0004/0747.txt,data/raw/0004/0747_pca_mesh.obj,False,0004,67.27059962240804
0748,04,12.4,data/raw/0024/0748.txt,data/raw/0024/0748_pca_mesh.obj,False,0024,76.92181786342303
0749,04,12.4,data/raw/0031/0749.txt,data/raw/0031/0749_pca_mesh.obj,False,0031,83.0600471372997
0750,04,12.4,data/raw/0010/0750.txt,data/raw/0010/0750_pca_mesh.obj,False,0010,68.70556460576812
0751,04,12.4,data/raw/0011/0751.txt,data/raw/0011/0751_pca_mesh.obj,False,0011,68.7529245758756
0752,03,14.41,data/raw/0020/0752.txt,data/raw/0020/0752_pca_mesh.obj,False,0020,47.88890218556502
0753,03,14.41,data/raw/0008/0753.txt,data/raw/0008/0753_pca_mesh.obj,False,0008,5.626361312741689
0754,03,14.41,data/raw/0003/0754.txt,data/raw/0003/0754_pca_mesh.obj,False,0003,2.017682863821726
0755,03,14.41,data/raw/0002/0755.txt,data/raw/0002/0755_pca_mesh.obj,False,0002,1.4043540702645376
0756,03,14.41,data/raw/0018/0756.txt,data/raw/0018/0756_pca_mesh.obj,False,0018,18.59379893442482
0757,03,14.41,data/raw/0037/0757.txt,data/raw/0037/0757_pca_mesh.obj,False,0037,59.47727425219565
0758,03,14.41,data/raw/0032/0758.txt,data/raw/0032/0758_pca_mesh.obj,False,0032,30.928200300545164
0759,03,14.41,data/raw/0013/0759.txt,data/raw/0013/0759_pca_mesh.obj,False,0013,45.02033159015202
0760,03,14.41,data/raw/0040/0760.txt,data/raw/0040/0760_pca_mesh.obj,False,0040,60.0153675960648
0761,03,14.41,data/raw/0032/0761.txt,data/raw/0032/0761_pca_mesh.obj,False,0032,55.74904365419639
0762,03,14.41,data/raw/0025/0762.txt,data/raw/0025/0762_pca_mesh.obj,False,0025,49.661829176818316
0763,03,14.41,data/raw/0009/0763.txt,data/raw/0009/0763_pca_mesh.obj,False,0009,42.54282098240461
0764,03,12.86,data/raw/0019/0764.txt,data/raw/0019/0764_pca_mesh.obj,False,0019,18.9824323394114
0765,03,12.86,data/raw/0010/0765.txt,data/raw/0010/0765_pca_mesh.obj,False,0010,6.852638865616235
0766,03,12.86,data/raw/0004/0766.txt,data/raw/0004/0766_pca_mesh.obj,False,0004,2.203274918673047
0767,03,12.86,data/raw/0015/0767.txt,data/raw/0015/0767_pca_mesh.obj,False,0015,45.83268681221225
0768,03,12.86,data/raw/0035/0768.txt,data/raw/0035/0768_pca_mesh.obj,False,0035,35.54266326255242
0769,03,12.86,data/raw/0004/0769.txt,data/raw/0004/0769_pca_mesh.obj,False,0004,63.468694686405044
0770,03,12.86,data/raw/0030/0770.txt,data/raw/0030/0770_pca_mesh.obj,False,0030,53.32026101848939
0771,03,12.86,data/raw/0018/0771.txt,data/raw/0018/0771_pca_mesh.obj,False,0018,46.75502683014851
0772,03,12.86,data/raw/0001/0772.txt,data/raw/0001/0772_pca_mesh.obj,False,0001,60.454694524624955
0773,03,12.86,data/raw/0008/0773.txt,data/raw/0008/0773_pca_mesh.obj,False,0008,41.30305484217237
0774,03,12.86,data/raw/0036/0774.txt,data/raw/0036/0774_pca_mesh.obj,False,0036,59.08100173366986
0775,03,12.86,data/raw/0006/0775.txt,data/raw/0006/0775_pca_mesh.obj,False,0006,65.39987302491943
0776,03,12.86,data/raw/0038/0776.txt,data/raw/0038/0776_pca_mesh.obj,False,0038,59.611275554772476
0777,03,12.86,data/raw/0039/0777.txt,data/raw/0039/0777_pca_mesh.obj,False,0039,38.21546557084823
0778,03,13.96,data/raw/0030/0778.txt,data/raw/0030/0778_pca_mesh.obj,False,0030,29.190466221518932
0779,03,13.96,data/raw/0013/0779.txt,data/raw/0013/0779_pca_mesh.obj,False,0013,12.503751393972978
0780,03,13.96,data/raw/0007/0780.txt,data/raw/0007/0780_pca_mesh.obj,False,0007,4.440300658233911
0781,03,13.96,data/raw/0033/0781.txt,data/raw/0033/0781_pca_mesh.obj,False,0033,56.18859126799209
0782,03,13.96,data/raw/0017/0782.txt,data/raw/0017/0782_pca_mesh.obj,False,0017,46.61075036851273
0783,03,13.96,data/raw/0024/0783.txt,data/raw/0024/0783_pca_mesh.obj,False,0024,48.92277771730612
0784,03,13.96,data/raw/0022/0784.txt,data/raw/0022/0784_pca_mesh.obj,False,0022,48.69201622745416
0785,03,13.96,data/raw/0026/0785.txt,data/raw/0026/0785_pca_mesh.obj,False,0026,50.20188868560963
0786,03,13.96,data/raw/0002/0786.txt,data/raw/0002/0786_pca_mesh.obj,False,0002,39.543169360720526
0787,03,13.96,data/raw/0005/0787.txt,data/raw/0005/0787_pca_mesh.obj,False,0005,40.40052626427959
0788,03,13.96,data/raw/0004/0788.txt,data/raw/0004/0788_pca_mesh.obj,False,0004,40.32971120592623
0789,03,12.86,data/raw/0008/0789.txt,data/raw/0008/0789_pca_mesh.obj,False,0008,67.98858343564729
0790,03,12.86,data/raw/0011/0790.txt,data/raw/0011/0790_pca_mesh.obj,False,0011,82.90067064430983
0791,03,12.86,data/raw/0012/0791.txt,data/raw/0012/0791_pca_mesh.obj,False,0012,93.5319300332979
0792,03,12.86,data/raw/0028/0792.txt,data/raw/0028/0792_pca_mesh.obj,False,0028,51.18467608257951
0793,03,12.86,data/raw/0002/0793.txt,data/raw/0002/0793_pca_mesh.obj,False,0002,60.54294713778699
0794,03,12.86,data/raw/0031/0794.txt,data/raw/0031/0794_pca_mesh.obj,False,0031,54.55476167010468
0795,03,12.86,data/raw/0012/0795.txt,data/raw/0012/0795_pca_mesh.obj,False,0012,44.996857202969984
0796,03,12.86,data/raw/0006/0796.txt,data/raw/0006/0796_pca_mesh.obj,False,0006,40.41002811251224
0797,03,12.86,data/raw/0031/0797.txt,data/raw/0031/0797_pca_mesh.obj,False,0031,30.515595251209987
0798,03,12.86,data/raw/0014/0798.txt,data/raw/0014/0798_pca_mesh.obj,False,0014,45.099279970334905
0799,03,12.86,data/raw/0035/0799.txt,data/raw/0035/0799_pca_mesh.obj,False,0035,58.07334609750827
0800,03,12.86,data/raw/0007/0800.txt,data/raw/0007/0800_pca_mesh.obj,False,0007,40.74906524435066
0801,03,11.79,data/raw/0012/0801.txt,data/raw/0012/0801_pca_mesh.obj,False,0012,12.050584564395894
0802,03,11.79,data/raw/0020/0802.txt,data/raw/0020/0802_pca_mesh.obj,False,0020,23.07034986444761
0803,03,11.79,data/raw/0023/0803.txt,data/raw/0023/0803_pca_mesh.obj,False,0023,48.70262073633381
0804,03,11.79,data/raw/0003/0804.txt,data/raw/0003/0804_pca_mesh.obj,False,0003,40.32364046167725
0805,03,11.79,data/raw/0001/0805.txt,data/raw/0001/0805_pca_mesh.obj,False,0001,39.425553505119254
0806,03,11.79,data/raw/0021/0806.txt,data/raw/0021/0806_pca_mesh.obj,False,0021,48.605047692664414
0807,03,11.79,data/raw/0011/0807.txt,data/raw/0011/0807_pca_mesh.obj,False,0011,44.51838275941019
0808,03,16.76,data/raw/0028/0808.txt,data/raw/0028/0808_pca_mesh.obj,False,0028,27.059052640664213
0809,03,16.76,data/raw/0009/0809.txt,data/raw/0009/0809_pca_mesh.obj,False,0009,6.240699341872585
0810,03,16.76,data/raw/0014/0810.txt,data/raw/0014/0810_pca_mesh.obj,False,0014,101.27870975786715
0811,03,16.76,data/raw/0037/0811.txt,data/raw/0037/0811_pca_mesh.obj,False,0037,36.39954803478117
0812,03,16.76,data/raw/0007/0812.txt,data/raw/0007/0812_pca_mesh.obj,False,0007,67.39278323125262
0813,03,16.76,data/raw/0040/0813.txt,data/raw/0040/0813_pca_mesh.obj,False,0040,39.26040628308944
0814,03,16.76,data/raw/0015/0814.txt,data/raw/0015/0814_pca_mesh.obj,False,0015,13.156465623629432
0815,03,16.76,data/raw/0014/0815.txt,data/raw/0014/0815_pca_mesh.obj,False,0014,12.922366731795812
0816,03,16.76,data/raw/0005/0816.txt,data/raw/0005/0816_pca_mesh.obj,False,0005,3.5983382131749075
0817,03,14.03,data/raw/0019/0817.txt,data/raw/0019/0817_pca_mesh.obj,False,0019,47.739855972795205
0818,03,14.03,data/raw/0034/0818.txt,data/raw/0034/0818_pca_mesh.obj,False,0034,56.731107478711515
0819,03,14.03,data/raw/0027/0819.txt,data/raw/0027/0819_pca_mesh.obj,False,0027,50.599885142872715
0820,03,14.03,data/raw/0010/0820.txt,data/raw/0010/0820_pca_mesh.obj,False,0010,43.37847549187252
0821,03,14.03,data/raw/0029/0821.txt,data/raw/0029/0821_pca_mesh.obj,False,0029,52.45419377253329
0822,03,14.03,data/raw/0009/0822.txt,data/raw/0009/0822_pca_mesh.obj,False,0009,68.28378763054505
0823,03,14.03,data/raw/0033/0823.txt,data/raw/0033/0823_pca_mesh.obj,False,0033,31.076905844500686
0824,03,14.03,data/raw/0029/0824.txt,data/raw/0029/0824_pca_mesh.obj,False,0029,28.48507147032407
0825,03,14.03,data/raw/0027/0825.txt,data/raw/0027/0825_pca_mesh.obj,False,0027,24.004073505065215
0826,03,14.03,data/raw/0038/0826.txt,data/raw/0038/0826_pca_mesh.obj,False,0038,38.01831631845263
0827,03,14.03,data/raw/0011/0827.txt,data/raw/0011/0827_pca_mesh.obj,False,0011,11.997855679950908
0828,03,14.03,data/raw/0006/0828.txt,data/raw/0006/0828_pca_mesh.obj,False,0006,4.025682876208731
0829,03,14.03,data/raw/0001/0829.txt,data/raw/0001/0829_pca_mesh.obj,False,0001,0.9587844416744253
0830,03,12.86,data/raw/0016/0830.txt,data/raw/0016/0830_pca_mesh.obj,False,0016,14.805821394177915
0831,03,12.86,data/raw/0017/0831.txt,data/raw/0017/0831_pca_mesh.obj,False,0017,18.287795701017018
0832,03,12.86,data/raw/0016/0832.txt,data/raw/0016/0832_pca_mesh.obj,False,0016,46.60679535851838
0833,03,12.86,data/raw/0034/0833.txt,data/raw/0034/0833_pca_mesh.obj,False,0034,33.0859811261801
0834,03,12.86,data/raw/0005/0834.txt,data/raw/0005/0834_pca_mesh.obj,False,0005,64.06465335624844
0835,03,12.86,data/raw/0010/0835.txt,data/raw/0010/0835_pca_mesh.obj,False,0010,72.54335258454593
0836,03,12.86,data/raw/0036/0836.txt,data/raw/0036/0836_pca_mesh.obj,False,0036,35.709202998970234
0837,03,12.86,data/raw/0003/0837.txt,data/raw/0003/0837_pca_mesh.obj,False,0003,62.8340000140579
0838,03,12.86,data/raw/0039/0838.txt,data/raw/0039/0838_pca_mesh.obj,False,0039,59.83381246893785
0839,03,12.86,data/raw/0013/0839.txt,data/raw/0013/0839_pca_mesh.obj,False,0013,100.20820662498099
